pokemon_id,move_id
1,6
1,20
1,39
1,228
1,233
1,234
1,236
1,252
1,259
1,262
1,277
1,312
1,314
1,330
1,392
1,422
1,433
1,436
2,6
2,20
2,39
2,228
2,233
2,234
2,236
2,244
2,252
2,259
2,262
2,277
2,312
2,314
2,330
2,341
2,392
2,422
2,433
2,436
2,453
3,6
3,20
3,39
3,66
3,228
3,233
3,234
3,236
3,252
3,259
3,262
3,277
3,312
3,313
3,314
3,330
3,392
3,422
3,433
3,436
4,6
4,228
4,233
4,234
4,236
4,252
4,259
4,262
4,277
4,335
4,422
4,433
4,436
4,520
4,539
4,549
4,573
5,6
5,119
5,228
5,233
5,234
5,236
5,252
5,259
5,262
5,277
5,335
5,422
5,433
5,436
5,520
5,539
5,549
5,573
6,6
6,66
6,119
6,228
6,233
6,234
6,236
6,252
6,259
6,262
6,277
6,335
6,422
6,433
6,436
6,520
6,539
6,549
6,573
7,6
7,91
7,119
7,123
7,124
7,128
7,134
7,146
7,233
7,234
7,236
7,252
7,259
7,262
7,277
7,314
7,335
7,340
7,384
7,385
7,422
7,433
7,436
7,451
7,573
8,6
8,91
8,119
8,123
8,124
8,128
8,134
8,146
8,228
8,233
8,234
8,236
8,252
8,259
8,262
8,277
8,314
8,335
8,340
8,384
8,385
8,422
8,433
8,436
8,451
8,573
9,6
9,43
9,60
9,65
9,66
9,91
9,119
9,123
9,124
9,128
9,134
9,146
9,228
9,233
9,234
9,236
9,252
9,259
9,262
9,277
9,314
9,335
9,340
9,384
9,385
9,416
9,422
9,433
9,436
9,451
9,573
10,150
10,228
10,233
10,234
10,236
10,252
10,259
10,262
10,269
10,277
10,392
10,416
10,422
10,433
10,436
10,561
10,573
11,150
11,228
11,233
11,234
11,236
11,252
11,259
11,262
11,269
11,277
11,392
11,416
11,422
11,433
11,436
11,561
11,573
12,66
12,150
12,228
12,233
12,234
12,236
12,252
12,259
12,261
12,262
12,269
12,277
12,313
12,392
12,416
12,422
12,433
12,436
12,561
12,572
12,573
13,39
13,50
13,233
13,234
13,236
13,252
13,259
13,262
13,312
13,433
13,436
13,480
13,573
13,585
14,39
14,50
14,233
14,234
14,236
14,252
14,259
14,262
14,312
14,433
14,436
14,480
14,573
14,585
15,39
15,50
15,60
15,66
15,233
15,234
15,236
15,252
15,259
15,262
15,312
15,433
15,436
15,480
15,573
15,585
16,65
16,91
16,123
16,128
16,134
16,150
16,233
16,234
16,236
16,252
16,259
16,262
16,340
16,367
16,396
16,433
16,436
16,446
16,548
16,571
16,572
16,573
17,65
17,91
17,123
17,128
17,134
17,150
17,233
17,234
17,236
17,252
17,259
17,262
17,340
17,367
17,396
17,433
17,436
17,446
17,548
17,571
17,572
17,573
18,65
18,91
18,123
18,128
18,130
18,134
18,150
18,233
18,234
18,236
18,252
18,259
18,262
18,309
18,313
18,340
18,348
18,367
18,396
18,433
18,436
18,446
18,548
18,571
18,572
18,573
19,6
19,60
19,66
19,91
19,119
19,124
19,128
19,146
19,155
19,163
19,164
19,173
19,277
19,314
19,330
19,335
19,384
19,385
19,405
19,433
19,436
19,451
19,573
20,6
20,60
20,66
20,91
20,119
20,124
20,128
20,146
20,155
20,163
20,164
20,173
20,277
20,314
20,330
20,335
20,384
20,385
20,405
20,433
20,436
20,451
20,573
20,577
21,6
21,58
21,60
21,66
21,69
21,91
21,119
21,124
21,128
21,146
21,155
21,163
21,164
21,173
21,188
21,189
21,203
21,206
21,217
21,220
21,277
21,314
21,330
21,335
21,359
21,384
21,385
21,405
21,433
21,436
21,451
21,573
21,577
21,582
22,155
22,163
22,173
22,277
22,314
22,326
22,433
22,436
22,558
23,6
23,128
23,155
23,163
23,173
23,277
23,314
23,326
23,433
23,436
23,558
24,6
24,91
24,119
24,124
24,128
24,134
24,146
24,155
24,163
24,164
24,173
24,277
24,314
24,326
24,384
24,385
24,433
24,436
24,451
24,558
24,569
25,134
25,146
25,155
25,163
25,173
25,190
25,277
25,314
25,335
25,367
25,377
25,384
25,385
25,433
25,436
25,451
26,6
26,65
26,91
26,119
26,124
26,128
26,134
26,146
26,152
26,155
26,163
26,164
26,173
26,190
26,277
26,314
26,335
26,367
26,377
26,384
26,385
26,433
26,436
26,451
27,6
27,39
27,65
27,91
27,119
27,124
27,128
27,131
27,134
27,146
27,150
27,152
27,155
27,163
27,164
27,173
27,190
27,199
27,277
27,314
27,335
27,367
27,377
27,384
27,385
27,416
27,433
27,436
27,451
27,520
27,539
28,91
28,128
28,134
28,152
28,155
28,163
28,164
28,173
28,277
28,326
28,340
28,367
28,416
28,433
28,436
28,451
28,464
28,481
28,520
28,539
28,558
28,561
28,573
29,65
29,91
29,128
29,134
29,152
29,155
29,163
29,164
29,173
29,277
29,326
29,340
29,367
29,416
29,433
29,436
29,451
29,464
29,481
29,520
29,539
29,558
29,561
29,573
30,65
30,91
30,128
30,134
30,152
30,155
30,163
30,164
30,173
30,277
30,326
30,340
30,367
30,416
30,433
30,436
30,451
30,464
30,481
30,520
30,539
30,558
30,561
30,573
31,150
31,155
31,163
31,173
31,326
31,340
31,367
31,433
31,436
31,548
31,573
32,91
32,134
32,150
32,155
32,163
32,164
32,173
32,326
32,340
32,367
32,433
32,436
32,573
33,91
33,130
33,134
33,150
33,155
33,163
33,164
33,173
33,313
33,326
33,340
33,367
33,433
33,436
33,572
33,573
34,37
34,155
34,163
34,173
34,326
34,433
34,436
34,520
34,521
34,573
35,37
35,50
35,85
35,91
35,134
35,155
35,163
35,164
35,173
35,326
35,409
35,433
35,436
35,520
35,521
35,540
35,545
35,547
35,548
35,573
36,37
36,50
36,52
36,85
36,91
36,134
36,155
36,163
36,164
36,173
36,219
36,326
36,409
36,433
36,436
36,505
36,520
36,521
36,539
36,540
36,545
36,547
36,548
36,573
37,60
37,119
37,124
37,128
37,146
37,277
37,295
37,299
37,314
37,330
37,335
37,384
37,385
37,433
37,436
37,548
37,558
37,571
37,573
37,585
37,591
37,592
37,602
38,60
38,119
38,124
38,128
38,146
38,277
38,295
38,299
38,314
38,330
38,335
38,384
38,385
38,433
38,436
38,548
38,558
38,571
38,573
38,585
38,586
38,591
38,592
38,602
38,603
39,15
39,60
39,66
39,119
39,124
39,128
39,146
39,277
39,283
39,295
39,299
39,314
39,330
39,335
39,384
39,385
39,433
39,436
39,548
39,558
39,567
39,571
39,573
39,585
39,586
39,591
39,592
39,602
40,119
40,124
40,128
40,134
40,146
40,150
40,224
40,277
40,295
40,299
40,313
40,314
40,335
40,384
40,385
40,433
40,436
40,464
40,549
40,573
40,585
40,591
40,592
40,602
41,6
41,119
41,124
41,128
41,134
41,146
41,150
41,224
41,277
41,295
41,299
41,313
41,314
41,335
41,384
41,385
41,433
41,436
41,464
41,549
41,573
41,585
41,591
41,592
41,602
41,603
42,6
42,60
42,66
42,119
42,124
42,128
42,134
42,146
42,150
42,224
42,277
42,283
42,295
42,299
42,313
42,314
42,335
42,384
42,385
42,405
42,433
42,436
42,464
42,549
42,573
42,585
42,591
42,592
42,602
42,603
43,134
43,150
43,269
43,277
43,299
43,314
43,330
43,340
43,433
43,436
43,549
43,558
43,573
43,585
43,591
43,592
43,602
43,603
44,119
44,124
44,134
44,146
44,150
44,269
44,276
44,277
44,295
44,299
44,314
44,330
44,335
44,340
44,384
44,385
44,433
44,436
44,464
44,549
44,558
44,561
44,573
44,585
44,591
44,592
44,602
44,603
45,66
45,119
45,124
45,128
45,134
45,146
45,150
45,269
45,276
45,277
45,295
45,299
45,314
45,330
45,335
45,340
45,384
45,385
45,433
45,436
45,549
45,558
45,561
45,573
45,585
45,591
45,592
45,602
45,603
46,15
46,50
46,277
46,299
46,326
46,433
46,436
46,561
46,591
46,592
46,602
46,603
47,15
47,277
47,299
47,326
47,433
47,436
47,561
47,591
47,592
47,602
47,603
48,6
48,15
48,39
48,277
48,283
48,299
48,326
48,416
48,433
48,436
48,561
48,571
48,582
48,591
48,592
48,602
48,603
49,299
49,326
49,367
49,433
49,436
49,573
49,585
49,592
49,602
49,603
50,299
50,326
50,367
50,433
50,436
50,573
50,585
50,592
50,602
50,603
51,10
51,39
51,150
51,299
51,313
51,326
51,367
51,433
51,436
51,573
51,585
51,592
51,602
51,603
52,50
52,190
52,224
52,299
52,433
52,436
52,539
52,592
52,602
52,603
53,30
53,50
53,134
53,190
53,224
53,295
53,299
53,433
53,436
53,481
53,539
53,592
53,602
53,603
54,30
54,43
54,50
54,134
54,137
54,190
54,224
54,295
54,299
54,433
54,436
54,481
54,539
54,592
54,602
54,603
55,2
55,20
55,78
55,436
56,2
56,20
56,78
56,453
56,571
57,2
57,15
57,20
57,69
57,78
57,188
57,203
57,206
57,217
57,234
57,335
57,433
57,436
57,451
57,540
58,2
58,20
58,78
59,2
59,20
59,78
59,453
59,571
60,2
60,6
60,16
60,20
60,39
60,78
60,188
60,203
60,206
60,217
60,234
60,268
60,335
60,340
60,433
60,436
60,451
61,2
61,15
61,78
61,234
61,252
61,259
61,262
61,433
61,436
61,520
61,571
62,2
62,15
62,78
62,234
62,237
62,251
62,252
62,259
62,262
62,433
62,436
62,520
62,571
63,2
63,15
63,39
63,78
63,234
63,252
63,259
63,262
63,347
63,366
63,367
63,433
63,436
63,520
63,571
64,2
64,15
64,340
64,433
64,436
64,558
64,571
65,2
65,15
65,340
65,433
65,436
65,558
65,571
66,2
66,10
66,15
66,50
66,150
66,340
66,433
66,436
66,558
66,571
66,573
66,585
68,2
68,78
68,571
69,2
69,12
69,15
69,78
69,188
69,197
69,206
69,234
69,254
69,258
69,340
69,433
69,436
69,487
69,517
69,571
70,2
70,20
70,78
70,436
71,2
71,20
71,78
71,571
72,2
72,15
72,20
72,69
72,78
72,188
72,193
72,203
72,206
72,217
72,234
72,335
72,422
72,433
72,436
72,451
73,2
73,20
73,78
73,571
74,2
74,15
74,20
74,69
74,78
74,188
74,193
74,203
74,206
74,217
74,234
74,335
74,433
74,436
74,451
75,69
75,173
75,188
75,193
75,203
75,204
75,206
75,217
75,277
75,335
75,433
75,436
75,451
75,464
76,69
76,173
76,188
76,193
76,203
76,204
76,206
76,217
76,277
76,335
76,433
76,436
76,451
76,464
76,582
77,69
77,173
77,188
77,193
77,203
77,204
77,206
77,217
77,277
77,335
77,433
77,436
77,451
77,464
77,582
78,69
78,173
78,188
78,193
78,203
78,206
78,217
78,277
78,340
78,433
78,436
78,451
78,464
79,69
79,173
79,188
79,193
79,203
79,206
79,217
79,277
79,340
79,433
79,436
79,451
79,464
79,582
80,69
80,173
80,188
80,193
80,203
80,204
80,206
80,217
80,277
80,340
80,433
80,436
80,451
80,464
80,582
81,173
81,188
81,203
81,204
81,206
81,433
81,436
81,464
82,173
82,188
82,203
82,204
82,206
82,433
82,436
82,464
83,173
83,188
83,203
83,204
83,206
83,433
83,436
83,464
84,50
84,173
84,188
84,206
84,433
84,436
85,50
85,173
85,188
85,206
85,433
85,436
86,50
86,170
86,173
86,188
86,191
86,206
86,433
86,436
87,85
87,277
87,314
87,330
87,335
87,367
87,433
87,436
87,446
87,573
87,603
88,85
88,119
88,277
88,314
88,330
88,335
88,367
88,433
88,436
88,446
88,573
88,603
89,6
89,60
89,66
89,85
89,91
89,119
89,122
89,124
89,128
89,146
89,150
89,164
89,268
89,269
89,277
89,280
89,283
89,295
89,299
89,314
89,330
89,335
89,367
89,384
89,385
89,433
89,436
89,446
89,464
89,485
89,558
89,561
89,573
89,585
89,603
90,51
90,85
90,268
90,277
90,314
90,330
90,335
90,367
90,433
90,436
90,446
90,573
90,603
91,51
91,85
91,119
91,268
91,277
91,314
91,330
91,335
91,367
91,433
91,436
91,446
91,573
91,603
92,6
92,51
92,60
92,66
92,85
92,91
92,119
92,122
92,124
92,128
92,146
92,150
92,164
92,201
92,268
92,269
92,277
92,283
92,295
92,299
92,314
92,330
92,335
92,351
92,367
92,384
92,385
92,433
92,436
92,446
92,464
92,485
92,561
92,573
92,585
92,603
93,50
93,69
93,173
93,188
93,203
93,204
93,206
93,217
93,234
93,335
93,433
93,436
93,446
93,451
93,464
93,548
94,50
94,69
94,173
94,188
94,203
94,204
94,206
94,217
94,234
94,335
94,433
94,436
94,446
94,451
94,464
94,548
94,582
95,30
95,50
95,69
95,173
95,188
95,203
95,204
95,206
95,217
95,234
95,335
95,433
95,436
95,446
95,451
95,464
95,479
95,548
95,582
96,85
96,119
96,146
96,190
96,277
96,299
96,314
96,326
96,335
96,340
96,366
96,367
96,375
96,377
96,384
96,385
96,388
96,396
96,409
96,433
96,436
96,464
96,506
96,520
96,539
96,558
96,603
97,39
97,50
97,85
97,91
97,119
97,123
97,124
97,128
97,146
97,164
97,190
97,277
97,295
97,299
97,314
97,326
97,335
97,340
97,366
97,367
97,375
97,377
97,384
97,385
97,388
97,396
97,409
97,433
97,436
97,464
97,506
97,520
97,539
97,558
97,561
97,603
98,15
98,39
98,50
98,85
98,91
98,111
98,119
98,123
98,124
98,128
98,146
98,164
98,190
98,277
98,295
98,299
98,314
98,326
98,330
98,331
98,335
98,336
98,340
98,366
98,367
98,375
98,377
98,384
98,385
98,388
98,396
98,409
98,427
98,433
98,436
98,464
98,506
98,520
98,521
98,539
98,558
98,561
98,603
99,85
99,123
99,277
99,299
99,326
99,340
99,366
99,367
99,375
99,377
99,409
99,433
99,436
99,464
99,506
99,548
99,558
99,603
100,50
100,85
100,91
100,123
100,124
100,128
100,146
100,164
100,277
100,295
100,299
100,314
100,326
100,340
100,366
100,367
100,375
100,377
100,384
100,385
100,388
100,409
100,433
100,436
100,464
100,506
100,540
100,548
100,558
100,561
100,573
100,603
101,50
101,85
101,91
101,123
101,124
101,128
101,146
101,164
101,277
101,283
101,295
101,299
101,313
101,314
101,326
101,340
101,366
101,367
101,375
101,377
101,384
101,385
101,388
101,409
101,436
101,464
101,506
101,540
101,548
101,558
101,561
101,573
101,603
102,85
102,91
102,119
102,124
102,146
102,164
102,277
102,295
102,299
102,314
102,330
102,335
102,375
102,384
102,385
102,403
102,433
102,436
102,464
102,548
102,558
102,603
103,85
103,91
103,119
103,124
103,134
103,146
103,164
103,277
103,295
103,299
103,314
103,330
103,335
103,340
103,375
103,384
103,385
103,403
103,433
103,436
103,464
103,548
103,558
103,603
104,66
104,85
104,88
104,91
104,119
104,124
104,134
104,146
104,162
104,164
104,277
104,283
104,294
104,295
104,299
104,314
104,335
104,340
104,375
104,384
104,385
104,403
104,416
104,433
104,436
104,464
104,548
104,558
104,603
105,85
105,304
105,326
105,367
105,375
105,377
105,433
105,436
105,464
106,85
106,304
106,326
106,367
106,375
106,377
106,433
106,436
106,464
107,85
107,88
107,150
107,162
107,294
107,304
107,326
107,367
107,375
107,377
107,433
107,436
107,464
107,572
108,15
108,37
108,78
108,81
108,85
108,299
108,335
108,377
108,388
108,396
108,409
108,433
108,436
108,451
108,506
108,520
108,539
108,545
108,547
108,548
108,573
109,15
109,37
109,78
109,81
109,85
109,299
109,323
109,324
109,330
109,335
109,377
109,388
109,396
109,409
109,433
109,436
109,451
109,453
109,506
109,520
109,539
109,545
109,547
109,548
109,573
110,15
110,30
110,37
110,41
110,78
110,81
110,85
110,299
110,323
110,324
110,335
110,377
110,388
110,396
110,409
110,433
110,436
110,451
110,464
110,506
110,520
110,539
110,545
110,546
110,547
110,548
110,573
111,6
111,51
111,85
111,91
111,124
111,128
111,146
111,164
111,277
111,295
111,299
111,304
111,326
111,335
111,384
111,385
111,433
111,436
111,481
111,603
112,6
112,51
112,85
112,91
112,124
112,134
112,146
112,164
112,277
112,295
112,299
112,304
112,314
112,326
112,335
112,384
112,385
112,416
112,433
112,436
112,464
112,481
112,603
113,6
113,51
113,85
113,91
113,124
113,128
113,134
113,146
113,164
113,277
113,295
113,299
113,304
113,313
113,314
113,326
113,335
113,384
113,385
113,416
113,433
113,436
113,464
113,481
113,603
114,123
114,228
114,234
114,252
114,259
114,262
114,304
114,335
114,393
114,422
114,433
114,436
114,464
114,480
115,123
115,228
115,234
115,252
115,259
115,262
115,304
115,335
115,422
115,433
115,436
115,480
116,123
116,226
116,227
116,228
116,234
116,246
116,252
116,258
116,259
116,262
116,304
116,314
116,335
116,392
116,422
116,433
116,436
116,480
116,487
117,123
117,182
117,226
117,228
117,234
117,241
117,246
117,249
117,252
117,258
117,259
117,262
117,304
117,314
117,335
117,392
117,422
117,433
117,436
117,450
117,464
117,480
118,39
118,51
118,234
118,252
118,259
118,262
118,312
118,335
118,422
118,433
118,436
118,480
119,2
119,39
119,51
119,228
119,234
119,252
119,259
119,262
119,312
119,335
119,392
119,422
119,433
119,436
119,480
120,2
120,39
120,51
120,228
120,234
120,251
120,252
120,254
120,259
120,262
120,312
120,335
120,392
120,422
120,433
120,436
120,440
120,442
120,449
120,450
120,480
121,16
121,190
121,234
121,252
121,259
121,262
121,330
121,367
121,433
121,436
122,16
122,190
122,234
122,252
122,259
122,262
122,330
122,335
122,367
122,433
122,436
123,16
123,190
123,234
123,252
123,259
123,262
123,330
123,335
123,367
123,433
123,436
124,228
124,234
124,252
124,259
124,299
124,314
124,335
124,433
124,436
124,464
124,548
124,603
125,39
125,91
125,123
125,124
125,164
125,228
125,234
125,252
125,259
125,277
125,295
125,299
125,314
125,335
125,375
125,433
125,436
125,464
125,548
125,591
125,603
125,608
126,91
126,123
126,124
126,128
126,146
126,164
126,208
126,226
126,228
126,234
126,246
126,252
126,259
126,277
126,295
126,299
126,314
126,335
126,375
126,386
126,393
126,416
126,433
126,436
126,464
126,548
126,591
126,603
126,608
127,37
127,224
127,234
127,252
127,259
127,262
127,314
127,330
127,335
127,433
127,436
127,558
128,6
128,30
128,37
128,134
128,224
128,228
128,234
128,251
128,252
128,259
128,262
128,277
128,314
128,330
128,335
128,384
128,433
128,436
128,451
128,558
129,6
129,30
129,33
129,37
129,39
129,41
129,51
129,69
129,134
129,188
129,190
129,206
129,217
129,224
129,228
129,234
129,251
129,252
129,259
129,262
129,277
129,299
129,314
129,330
129,335
129,360
129,363
129,384
129,393
129,400
129,433
129,436
129,451
129,467
129,558
130,228
130,234
130,252
130,259
130,262
130,277
130,326
130,433
130,436
130,451
130,464
131,6
131,228
131,234
131,252
131,259
131,262
131,277
131,314
131,326
131,335
131,433
131,436
131,451
131,464
132,6
132,228
132,234
132,245
132,246
132,252
132,259
132,262
132,277
132,314
132,326
132,335
132,392
132,433
132,436
132,450
132,451
132,464
132,466
132,485
133,15
133,78
133,81
133,85
133,91
133,119
133,146
133,277
133,314
133,326
133,330
133,335
133,367
133,384
133,385
133,433
133,436
133,451
133,464
133,558
133,573
134,15
134,39
134,78
134,81
134,85
134,91
134,119
134,124
134,128
134,146
134,277
134,314
134,326
134,330
134,335
134,367
134,384
134,385
134,433
134,436
134,451
134,464
134,558
134,573
135,15
135,39
135,78
135,81
135,85
135,90
135,91
135,92
135,119
135,124
135,128
135,146
135,277
135,314
135,326
135,330
135,335
135,367
135,384
135,385
135,433
135,436
135,451
135,464
135,558
135,573
136,15
136,78
136,81
136,85
136,335
136,409
136,433
136,436
136,451
136,506
136,520
136,539
136,558
136,571
137,15
137,78
137,81
137,85
137,92
137,335
137,409
137,433
137,436
137,447
137,451
137,462
137,506
137,520
137,539
137,558
137,571
137,577
138,15
138,78
138,81
138,82
138,85
138,335
138,409
138,436
138,451
138,499
138,506
138,520
138,524
138,539
138,558
138,571
138,572
138,577
138,578
139,15
139,78
139,81
139,85
139,304
139,330
139,335
139,366
139,433
139,436
139,451
139,573
140,15
140,78
140,81
140,85
140,91
140,119
140,124
140,128
140,146
140,164
140,304
140,314
140,330
140,335
140,366
140,384
140,385
140,433
140,436
140,451
140,573
141,15
141,60
141,66
141,78
141,81
141,85
141,91
141,119
141,124
141,128
141,146
141,164
141,304
141,314
141,330
141,335
141,366
141,384
141,385
141,433
141,436
141,451
141,573
142,6
142,15
142,81
142,85
142,277
142,433
142,436
142,451
142,573
143,6
143,15
143,81
143,85
143,277
143,433
143,436
143,451
143,573
144,6
144,15
144,81
144,85
144,150
144,277
144,433
144,436
144,573
145,81
146,15
146,39
146,72
146,81
146,85
146,86
146,89
146,190
146,234
146,312
146,364
146,433
146,436
146,446
146,480
146,573
146,585
147,15
147,29
147,39
147,60
147,66
147,72
147,73
147,81
147,85
147,86
147,89
147,123
147,128
147,150
147,164
147,190
147,234
147,312
147,327
147,364
147,433
147,436
147,446
147,473
147,480
147,573
147,585
148,15
148,65
148,78
148,81
148,85
148,91
148,119
148,128
148,134
148,146
148,164
148,277
148,295
148,314
148,326
148,335
148,367
148,384
148,385
148,433
148,436
148,451
148,464
149,15
149,65
149,78
149,81
149,85
149,91
149,119
149,128
149,134
149,146
149,164
149,277
149,295
149,314
149,326
149,335
149,367
149,384
149,385
149,433
149,436
149,451
149,464
149,573
150,15
150,65
150,81
150,85
150,91
150,119
150,128
150,134
150,146
150,164
150,277
150,295
150,314
150,326
150,335
150,367
150,384
150,385
150,416
150,433
150,436
150,451
150,464
150,573
151,65
151,91
151,119
151,128
151,146
151,164
151,173
151,277
151,314
151,326
151,335
151,367
151,384
151,433
151,436
151,464
151,573
152,65
152,91
152,119
152,124
152,128
152,134
152,146
152,164
152,173
152,277
152,314
152,326
152,335
152,367
152,384
152,385
152,433
152,436
152,464
152,491
152,573
153,65
153,91
153,119
153,124
153,128
153,134
153,146
153,164
153,173
153,277
153,314
153,326
153,335
153,367
153,384
153,385
153,416
153,433
153,436
153,464
153,491
153,573
154,299
154,330
154,335
154,340
154,367
154,433
154,436
154,591
154,603
155,119
155,128
155,146
155,277
155,295
155,299
155,330
155,335
155,340
155,367
155,384
155,385
155,386
155,433
155,436
155,591
155,603
156,119
156,128
156,146
156,149
156,152
156,277
156,295
156,299
156,314
156,330
156,335
156,336
156,340
156,367
156,384
156,385
156,386
156,433
156,436
156,514
156,588
156,591
156,601
156,603
157,119
157,124
157,128
157,146
157,190
157,277
157,295
157,299
157,314
157,330
157,335
157,336
157,340
157,367
157,375
157,384
157,385
157,386
157,398
157,433
157,436
157,514
157,588
157,591
157,601
157,603
158,39
158,190
158,277
158,299
158,314
158,326
158,330
158,335
158,367
158,375
158,433
158,436
158,451
158,464
158,558
158,573
158,603
158,608
159,39
159,124
159,128
159,146
159,150
159,190
159,277
159,295
159,299
159,314
159,326
159,330
159,335
159,367
159,375
159,384
159,385
159,433
159,436
159,451
159,464
159,558
159,573
159,585
159,591
159,603
160,39
160,124
160,128
160,146
160,150
160,190
160,277
160,295
160,299
160,314
160,326
160,330
160,335
160,367
160,375
160,384
160,385
160,433
160,436
160,451
160,464
160,558
160,573
160,585
160,591
160,603
161,190
161,269
161,299
161,304
161,340
161,375
161,433
161,436
161,464
161,603
162,128
162,190
162,269
162,299
162,304
162,340
162,375
162,433
162,436
162,464
162,480
162,561
162,603
163,39
163,123
163,128
163,134
163,190
163,269
163,295
163,299
163,304
163,340
163,375
163,433
163,436
163,464
163,480
163,561
163,603
164,15
164,60
164,66
164,69
164,190
164,299
164,335
164,433
164,436
164,451
164,591
164,603
165,15
165,60
165,66
165,69
165,190
165,299
165,335
165,433
165,436
165,451
165,591
165,603
166,15
166,57
166,60
166,66
166,69
166,190
166,299
166,335
166,433
166,436
166,451
166,472
166,572
166,591
166,603
167,15
167,277
167,299
167,335
167,433
167,436
167,446
167,558
167,573
167,585
167,586
167,591
167,603
168,15
168,277
168,299
168,335
168,433
168,436
168,446
168,558
168,573
168,585
168,586
168,591
168,603
169,6
169,15
169,29
169,277
169,283
169,299
169,313
169,335
169,433
169,436
169,446
169,558
169,572
169,573
169,585
169,586
169,591
169,603
169,608
170,15
170,81
170,299
170,433
170,436
170,464
170,520
170,571
170,603
171,15
171,81
171,299
171,433
171,436
171,464
171,520
171,571
171,603
172,15
172,81
172,299
172,433
172,436
172,464
172,466
172,520
172,571
172,603
173,15
173,50
173,85
173,91
173,164
173,277
173,295
173,299
173,314
173,330
173,335
173,367
173,375
173,396
173,409
173,433
173,436
173,451
173,520
173,521
173,539
173,540
173,545
173,547
173,548
174,15
174,50
174,85
174,91
174,164
174,193
174,277
174,295
174,299
174,314
174,330
174,335
174,367
174,375
174,396
174,409
174,433
174,436
174,451
174,520
174,521
174,539
174,540
174,545
174,547
174,548
174,582
174,586
175,15
175,50
175,85
175,91
175,164
175,277
175,295
175,299
175,314
175,330
175,335
175,366
175,367
175,375
175,396
175,409
175,433
175,436
175,451
175,510
175,520
175,521
175,539
175,540
175,545
175,547
175,548
176,6
176,15
176,39
176,43
176,50
176,65
176,85
176,91
176,123
176,128
176,134
176,152
176,164
176,241
176,277
176,295
176,314
176,330
176,335
176,367
176,375
176,396
176,409
176,433
176,436
176,451
176,520
176,521
176,539
176,540
176,545
176,547
176,548
177,15
177,37
177,39
177,50
177,85
177,91
177,119
177,123
177,124
177,128
177,146
177,164
177,295
177,314
177,335
177,384
177,385
177,386
177,409
177,433
177,436
177,506
177,520
177,521
177,539
177,540
177,545
177,547
177,548
177,573
178,15
178,37
178,39
178,50
178,85
178,91
178,119
178,123
178,124
178,128
178,146
178,164
178,295
178,314
178,335
178,384
178,385
178,386
178,409
178,433
178,436
178,506
178,516
178,520
178,521
178,539
178,540
178,545
178,547
178,548
178,573
179,15
179,37
179,39
179,50
179,85
179,91
179,119
179,123
179,124
179,128
179,146
179,164
179,295
179,314
179,335
179,384
179,385
179,386
179,409
179,433
179,436
179,506
179,516
179,520
179,521
179,539
179,540
179,545
179,547
179,548
179,573
180,15
180,37
180,50
180,85
180,326
180,366
180,367
180,409
180,433
180,436
180,464
180,506
180,520
180,521
180,539
180,540
180,545
180,548
181,15
181,37
181,50
181,85
181,326
181,366
181,367
181,409
181,433
181,436
181,464
181,506
181,520
181,521
181,539
181,540
181,545
181,548
182,15
182,37
182,50
182,85
182,326
182,366
182,367
182,409
182,433
182,436
182,464
182,506
182,520
182,521
182,539
182,540
182,545
182,548
183,15
183,50
183,85
183,304
183,340
183,367
183,396
183,433
183,436
183,506
183,520
183,539
183,540
183,545
183,547
183,548
183,571
184,15
184,50
184,85
184,304
184,340
184,396
184,433
184,436
184,506
184,520
184,539
184,540
184,545
184,547
184,548
184,571
185,15
185,39
185,50
185,85
185,91
185,123
185,128
185,150
185,164
185,295
185,304
185,340
185,367
185,396
185,433
185,436
185,506
185,520
185,539
185,540
185,545
185,547
185,548
185,571
186,39
186,65
186,91
186,128
186,134
186,150
186,152
186,164
186,277
186,295
186,314
186,335
186,367
186,384
186,385
186,386
186,433
186,436
186,520
186,539
187,39
187,65
187,91
187,119
187,128
187,134
187,150
187,152
187,164
187,277
187,295
187,314
187,335
187,367
187,384
187,385
187,386
187,433
187,436
187,520
187,539
188,39
188,65
188,91
188,119
188,128
188,134
188,150
188,152
188,164
188,277
188,295
188,314
188,335
188,367
188,384
188,385
188,386
188,433
188,436
188,520
188,539
188,563
189,39
189,91
189,123
189,128
189,134
189,150
189,164
189,295
189,313
189,367
189,433
189,436
190,39
190,91
190,123
190,128
190,134
190,150
190,164
190,295
190,313
190,367
190,433
190,436
191,39
191,91
191,123
191,128
191,134
191,150
191,164
191,295
191,313
191,367
191,433
191,436
192,51
192,91
192,119
192,124
192,128
192,146
192,150
192,164
192,269
192,277
192,313
192,314
192,386
192,433
192,436
192,549
192,558
192,561
192,571
193,51
193,91
193,119
193,124
193,128
193,146
193,150
193,164
193,269
193,277
193,313
193,314
193,385
193,386
193,433
193,436
193,549
193,558
193,561
193,571
194,6
194,51
194,91
194,119
194,124
194,128
194,146
194,150
194,164
194,269
194,277
194,313
194,314
194,384
194,385
194,386
194,433
194,436
194,549
194,558
194,561
194,571
194,572
195,269
195,313
195,433
195,436
195,506
195,561
195,571
196,269
196,313
196,433
196,436
196,506
196,561
196,571
197,150
197,269
197,313
197,433
197,436
197,506
197,561
197,571
197,572
198,60
198,85
198,150
198,224
198,268
198,269
198,277
198,299
198,314
198,335
198,340
198,433
198,436
198,464
198,549
198,558
198,561
198,573
198,585
199,6
199,60
199,66
199,85
199,91
199,119
199,124
199,128
199,146
199,150
199,164
199,224
199,268
199,269
199,277
199,283
199,295
199,299
199,313
199,314
199,335
199,340
199,384
199,385
199,433
199,436
199,464
199,549
199,558
199,561
199,573
199,585
200,6
200,60
200,66
200,85
200,91
200,119
200,124
200,128
200,146
200,150
200,164
200,224
200,268
200,269
200,277
200,283
200,295
200,299
200,313
200,314
200,335
200,340
200,384
200,385
200,416
200,433
200,436
200,464
200,484
200,549
200,558
200,561
200,572
200,573
200,585
201,150
201,269
201,277
201,299
201,314
201,330
201,340
201,433
201,436
201,549
201,561
202,150
202,201
202,269
202,277
202,283
202,299
202,314
202,330
202,335
202,340
202,370
202,433
202,436
202,549
202,561
203,39
203,150
203,201
203,269
203,277
203,283
203,299
203,313
203,314
203,330
203,335
203,340
203,370
203,416
203,433
203,436
203,549
203,561
203,572
204,30
204,37
204,50
204,224
204,269
204,433
204,436
204,464
204,561
204,573
204,585
205,30
205,37
205,39
205,50
205,128
205,134
205,224
205,269
205,433
205,436
205,464
205,561
205,573
205,585
206,30
206,37
206,39
206,50
206,60
206,66
206,128
206,134
206,150
206,224
206,269
206,313
206,433
206,436
206,464
206,561
206,573
206,585
207,6
207,81
207,85
207,150
207,224
207,269
207,277
207,330
207,340
207,433
207,436
207,464
207,549
207,558
207,561
207,571
207,572
207,573
207,603
208,6
208,81
208,85
208,150
208,224
208,269
208,277
208,330
208,340
208,433
208,436
208,464
208,549
208,558
208,561
208,571
208,572
208,573
208,603
209,6
209,30
209,60
209,66
209,81
209,85
209,91
209,119
209,124
209,128
209,134
209,146
209,150
209,164
209,224
209,269
209,277
209,283
209,295
209,299
209,313
209,314
209,330
209,340
209,384
209,385
209,416
209,433
209,436
209,464
209,549
209,558
209,561
209,571
209,572
209,573
209,585
209,603
210,15
210,81
210,85
210,312
210,409
210,433
210,436
210,464
210,506
210,520
210,571
211,15
211,81
211,85
211,312
211,409
211,433
211,436
211,464
211,506
211,520
211,571
212,15
212,81
212,85
212,312
212,409
212,433
212,436
212,464
212,506
212,520
212,571
213,30
213,37
213,39
213,50
213,51
213,91
213,164
213,217
213,224
213,234
213,295
213,299
213,396
213,433
213,436
213,464
213,540
213,545
213,547
214,30
214,37
214,39
214,50
214,51
214,91
214,164
214,217
214,224
214,234
214,295
214,299
214,396
214,433
214,436
214,464
214,540
214,545
214,547
215,30
215,37
215,39
215,50
215,51
215,91
215,119
215,123
215,124
215,128
215,146
215,164
215,217
215,224
215,234
215,295
215,299
215,314
215,384
215,385
215,386
215,396
215,433
215,436
215,464
215,520
215,539
215,540
215,545
215,547
216,30
216,50
216,217
216,224
216,299
216,314
216,335
216,396
216,433
216,436
216,506
216,540
216,545
216,547
217,30
217,50
217,51
217,91
217,119
217,124
217,128
217,146
217,164
217,217
217,224
217,277
217,295
217,299
217,312
217,314
217,335
217,384
217,385
217,386
217,396
217,433
217,436
217,506
217,540
217,545
217,547
218,30
218,50
218,51
218,91
218,119
218,124
218,128
218,146
218,164
218,217
218,224
218,277
218,295
218,299
218,312
218,314
218,335
218,384
218,385
218,386
218,396
218,433
218,436
218,506
218,540
218,545
218,547
219,30
219,85
219,173
219,224
219,396
219,433
219,436
219,545
220,30
220,85
220,173
220,224
220,396
220,433
220,436
220,545
221,30
221,85
221,166
221,173
221,209
221,213
221,224
221,396
221,433
221,436
221,491
221,545
222,81
222,85
222,224
222,304
222,433
222,436
222,571
222,572
223,81
223,85
223,224
223,304
223,433
223,436
223,571
223,572
224,81
224,85
224,144
224,186
224,224
224,304
224,313
224,433
224,436
224,550
224,571
224,572
224,574
225,2
225,6
225,15
225,150
225,234
225,269
225,277
225,314
225,335
225,433
225,436
226,2
226,6
226,15
226,16
226,28
226,29
226,57
226,60
226,66
226,69
226,150
226,173
226,188
226,193
226,203
226,206
226,217
226,234
226,269
226,277
226,314
226,335
226,433
226,436
226,451
226,464
226,582
227,2
227,6
227,15
227,16
227,28
227,29
227,57
227,60
227,66
227,69
227,91
227,150
227,164
227,173
227,188
227,203
227,206
227,217
227,234
227,269
227,277
227,314
227,335
227,433
227,436
227,451
227,464
227,573
227,582
228,57
228,60
228,65
228,66
228,85
228,150
228,340
228,433
228,436
228,573
228,585
229,57
229,60
229,65
229,66
229,85
229,134
229,150
229,340
229,433
229,436
229,573
229,585
230,57
230,60
230,65
230,66
230,85
230,134
230,150
230,340
230,433
230,436
230,573
230,585
231,15
231,85
231,119
231,146
231,277
231,299
231,304
231,314
231,326
231,330
231,335
231,340
231,367
231,375
231,377
231,384
231,385
231,409
231,433
231,436
231,437
231,464
231,506
231,520
231,539
231,545
231,547
231,548
231,558
231,573
231,603
232,15
232,39
232,50
232,85
232,91
232,119
232,123
232,124
232,128
232,146
232,164
232,190
232,277
232,295
232,299
232,304
232,314
232,326
232,330
232,335
232,340
232,366
232,367
232,375
232,377
232,384
232,385
232,388
232,392
232,409
232,433
232,436
232,437
232,464
232,506
232,520
232,539
232,545
232,547
232,548
232,558
232,561
232,573
232,603
233,15
233,39
233,50
233,85
233,91
233,119
233,123
233,124
233,128
233,146
233,164
233,190
233,277
233,295
233,299
233,304
233,314
233,326
233,330
233,335
233,336
233,340
233,366
233,367
233,375
233,377
233,384
233,385
233,386
233,388
233,390
233,392
233,409
233,427
233,433
233,436
233,437
233,464
233,506
233,520
233,539
233,545
233,547
233,548
233,558
233,561
233,573
233,603
234,15
234,85
234,119
234,146
234,277
234,304
234,314
234,326
234,330
234,340
234,366
234,375
234,377
234,384
234,385
234,388
234,433
234,436
234,437
234,451
234,464
234,520
234,539
234,545
234,548
234,558
234,603
235,15
235,16
235,85
235,119
235,123
235,128
235,146
235,173
235,188
235,203
235,204
235,206
235,217
235,245
235,277
235,304
235,314
235,326
235,330
235,340
235,366
235,375
235,377
235,384
235,385
235,388
235,392
235,422
235,433
235,436
235,437
235,451
235,464
235,520
235,539
235,545
235,548
235,549
235,558
235,582
235,603
236,15
236,16
236,69
236,114
236,119
236,123
236,128
236,146
236,173
236,188
236,189
236,193
236,203
236,204
236,206
236,217
236,277
236,314
236,326
236,330
236,340
236,344
236,366
236,375
236,377
236,384
236,385
236,388
236,392
236,422
236,433
236,436
236,437
236,451
236,464
236,520
236,539
236,545
236,548
236,549
236,558
236,582
236,603
237,234
237,252
237,259
237,262
237,304
237,326
237,340
237,366
237,367
237,433
237,436
237,520
238,234
238,252
238,259
238,262
238,304
238,326
238,340
238,366
238,367
238,433
238,436
238,520
239,102
239,106
239,234
239,235
239,252
239,259
239,262
239,304
239,326
239,340
239,366
239,367
239,433
239,436
239,520
240,51
240,85
240,150
240,277
240,299
240,314
240,326
240,330
240,340
240,377
240,433
240,436
240,446
240,451
240,464
240,548
240,573
241,51
241,85
241,119
241,150
241,277
241,299
241,314
241,326
241,330
241,340
241,377
241,433
241,436
241,446
241,451
241,452
241,464
241,548
241,573
242,6
242,39
242,51
242,85
242,91
242,124
242,128
242,164
242,277
242,295
242,314
242,326
242,367
242,375
242,377
242,433
242,436
242,446
242,451
242,464
242,545
242,558
242,573
242,585
242,603
243,6
243,39
243,51
243,85
243,91
243,124
243,128
243,164
243,277
243,295
243,314
243,326
243,367
243,375
243,377
243,433
243,436
243,446
243,451
243,464
243,545
243,558
243,573
243,585
243,603
244,6
244,85
244,252
244,277
244,299
244,314
244,326
244,330
244,335
244,367
244,375
244,377
244,433
244,436
244,446
244,451
244,481
244,545
244,558
244,573
244,603
245,6
245,52
245,85
245,252
245,277
245,299
245,314
245,326
245,330
245,335
245,367
245,377
245,433
245,436
245,446
245,451
245,481
245,545
245,558
245,573
245,603
246,6
246,85
246,150
246,277
246,299
246,326
246,377
246,433
246,436
246,446
246,451
246,558
246,561
246,573
246,585
247,6
247,128
247,150
247,277
247,299
247,326
247,377
247,433
247,436
247,446
247,451
247,558
247,573
247,585
247,591
247,603
248,85
248,134
248,252
248,304
248,326
248,340
248,367
248,377
248,433
248,436
248,446
248,481
248,548
248,573
248,585
249,15
249,39
249,85
249,91
249,134
249,164
249,252
249,295
249,304
249,326
249,340
249,367
249,377
249,433
249,436
249,446
249,481
249,548
249,573
249,585
250,190
250,340
250,377
250,409
250,433
250,436
250,446
250,572
250,573
251,37
251,39
251,50
251,91
251,128
251,130
251,134
251,150
251,164
251,190
251,266
251,269
251,278
251,295
251,340
251,377
251,409
251,433
251,436
251,446
251,452
251,464
251,480
251,481
251,572
251,573
252,30
252,37
252,39
252,50
252,85
252,224
252,252
252,277
252,299
252,314
252,326
252,330
252,335
252,375
252,377
252,433
252,436
252,451
252,464
252,481
252,573
252,603
253,30
253,37
253,39
253,50
253,52
253,85
253,224
253,252
253,277
253,299
253,314
253,326
253,330
253,335
253,346
253,375
253,377
253,397
253,433
253,436
253,451
253,464
253,481
253,573
253,603
254,51
254,85
254,277
254,299
254,314
254,326
254,330
254,366
254,367
254,375
254,377
254,433
254,436
254,451
254,464
254,548
254,558
254,573
254,603
255,51
255,85
255,277
255,299
255,306
255,314
255,326
255,330
255,335
255,336
255,346
255,359
255,366
255,367
255,377
255,427
255,433
255,436
255,451
255,464
255,548
255,558
255,573
256,6
256,37
256,39
256,50
256,51
256,85
256,277
256,326
256,375
256,377
256,433
256,436
256,446
256,451
256,573
256,603
257,6
257,37
257,39
257,50
257,51
257,85
257,277
257,326
257,375
257,377
257,433
257,436
257,446
257,451
257,558
257,573
257,603
258,39
258,85
258,252
258,304
258,326
258,367
258,375
258,377
258,433
258,436
258,464
258,481
258,573
258,585
259,39
259,85
259,228
259,252
259,304
259,326
259,367
259,375
259,377
259,427
259,433
259,436
259,454
259,460
259,464
259,481
259,552
259,573
259,585
260,85
260,91
260,123
260,134
260,164
260,190
260,277
260,295
260,304
260,326
260,340
260,366
260,367
260,375
260,377
260,433
260,436
260,451
260,464
260,520
260,539
260,573
260,603
261,6
261,85
261,91
261,123
261,128
261,134
261,164
261,190
261,277
261,295
261,304
261,326
261,330
261,340
261,353
261,366
261,367
261,375
261,377
261,433
261,436
261,451
261,464
261,520
261,524
261,539
261,573
261,603
262,6
262,37
262,39
262,50
262,85
262,91
262,124
262,128
262,134
262,146
262,164
262,190
262,224
262,252
262,277
262,295
262,314
262,326
262,330
262,335
262,377
262,384
262,385
262,386
262,433
262,436
262,451
262,464
262,481
262,520
262,539
262,573
262,603
263,6
263,37
263,39
263,50
263,85
263,91
263,124
263,128
263,134
263,146
263,164
263,190
263,224
263,252
263,277
263,295
263,314
263,326
263,330
263,335
263,377
263,384
263,385
263,386
263,433
263,436
263,451
263,464
263,481
263,520
263,539
263,573
263,603
264,190
264,234
264,252
264,259
264,262
264,377
264,433
264,436
265,10
265,190
265,234
265,252
265,259
265,262
265,377
265,433
265,436
266,6
266,34
266,91
266,124
266,128
266,150
266,164
266,252
266,277
266,295
266,314
266,326
266,330
266,375
266,377
266,384
266,385
266,386
266,433
266,436
266,451
266,481
266,558
267,6
267,34
267,91
267,119
267,124
267,128
267,134
267,146
267,150
267,164
267,252
267,277
267,283
267,295
267,314
267,326
267,330
267,335
267,377
267,384
267,385
267,386
267,433
267,436
267,451
267,464
267,481
267,558
268,39
268,85
268,91
268,119
268,124
268,128
268,146
268,164
268,277
268,295
268,299
268,312
268,335
268,384
268,385
268,433
268,436
268,548
268,573
268,585
268,603
269,39
269,85
269,91
269,119
269,124
269,128
269,146
269,164
269,277
269,295
269,299
269,312
269,313
269,335
269,384
269,385
269,416
269,433
269,436
269,548
269,558
269,573
269,585
269,603
270,50
270,66
270,85
270,91
270,128
270,150
270,164
270,252
270,277
270,295
270,299
270,304
270,326
270,375
270,377
270,386
270,409
270,416
270,436
270,464
270,481
270,548
270,558
270,603
271,66
271,85
271,91
271,119
271,124
271,128
271,146
271,150
271,164
271,252
271,277
271,295
271,299
271,304
271,313
271,326
271,364
271,375
271,377
271,384
271,385
271,386
271,403
271,409
271,433
271,436
271,464
271,481
271,548
271,558
271,572
271,603
272,2
272,20
272,78
272,436
273,2
273,15
273,20
273,51
273,78
273,228
273,252
273,259
273,262
273,340
273,392
273,433
273,436
273,464
273,540
274,2
274,15
274,20
274,51
274,78
274,234
274,269
274,277
274,340
274,392
274,433
274,436
274,481
274,540
274,561
275,2
275,15
275,20
275,51
275,78
275,81
275,340
275,392
275,433
275,436
275,481
275,540
275,561
275,571
275,572
276,2
276,15
276,20
276,69
276,78
276,188
276,193
276,203
276,206
276,217
276,234
276,277
276,340
276,392
276,433
276,436
276,451
276,540
277,2
277,6
277,20
277,224
277,234
277,277
277,335
277,433
277,436
278,2
278,6
278,16
278,20
278,188
278,193
278,203
278,217
278,224
278,234
278,277
278,335
278,433
278,436
278,451
278,464
279,2
279,6
279,20
279,51
279,217
279,224
279,234
279,277
279,392
279,433
279,436
279,451
279,545
280,2
280,6
280,20
280,39
280,228
280,234
280,252
280,259
280,262
280,304
280,314
280,335
280,436
281,2
281,6
281,20
281,39
281,119
281,228
281,234
281,252
281,259
281,262
281,304
281,314
281,335
281,392
281,433
281,436
281,479
282,2
282,15
282,20
282,234
282,331
282,335
282,433
282,436
282,451
282,540
282,548
283,2
283,15
283,16
283,20
283,69
283,188
283,203
283,206
283,217
283,234
283,331
283,335
283,353
283,433
283,436
283,451
283,540
283,548
284,2
284,20
284,39
284,91
284,123
284,124
284,188
284,203
284,206
284,217
284,234
284,295
284,385
284,433
284,436
284,451
284,464
284,558
285,2
285,20
285,39
285,91
285,123
285,124
285,128
285,188
285,203
285,206
285,217
285,234
285,277
285,295
285,320
285,385
285,433
285,436
285,451
285,464
285,558
286,2
286,15
286,20
286,37
286,51
286,78
286,190
286,234
286,314
286,335
286,436
287,2
287,15
287,20
287,37
287,51
287,78
287,190
287,234
287,314
287,322
287,335
287,436
288,2
288,15
288,20
288,188
288,203
288,206
288,217
288,234
288,335
288,433
288,436
288,451
288,464
288,549
288,582
289,2
289,15
289,16
289,20
289,43
289,188
289,193
289,203
289,206
289,217
289,234
289,277
289,335
289,353
289,422
289,433
289,436
289,451
289,464
289,549
289,582
290,2
290,20
290,234
290,268
290,314
290,330
290,396
290,433
290,436
290,506
290,558
290,561
290,571
291,2
291,15
291,20
291,81
291,119
291,234
291,268
291,313
291,314
291,330
291,396
291,423
291,433
291,436
291,456
291,493
291,506
291,558
291,561
291,571
292,2
292,15
292,20
292,234
292,277
292,299
292,335
292,433
292,436
292,451
292,603
293,2
293,15
293,20
293,69
293,188
293,193
293,203
293,206
293,217
293,234
293,277
293,299
293,335
293,433
293,436
293,451
293,603
294,2
294,20
294,277
294,340
294,436
294,464
295,2
295,6
295,16
295,20
295,39
295,277
295,340
295,366
295,375
295,433
295,436
295,464
296,2
296,20
296,188
296,206
296,217
296,277
296,340
296,392
296,436
296,451
297,2
297,6
297,15
297,16
297,20
297,188
297,203
297,206
297,217
297,277
297,340
297,392
297,433
297,436
297,451
298,2
298,39
298,313
298,433
298,436
298,561
298,571
299,2
299,39
299,313
299,425
299,433
299,436
299,561
299,571
300,2
300,15
300,39
300,234
300,268
300,433
300,436
300,571
301,2
301,15
301,39
301,234
301,268
301,433
301,436
301,571
301,572
302,2
302,15
302,234
302,433
302,436
302,480
303,2
303,15
303,39
303,234
303,433
303,436
303,480
303,604
304,2
304,15
304,78
304,81
304,85
304,190
304,234
304,433
304,436
304,480
305,2
305,15
305,78
305,81
305,85
305,190
305,234
305,433
305,436
305,480
306,2
306,6
306,39
306,152
306,188
306,193
306,203
306,206
306,217
306,335
306,433
306,436
306,451
307,2
307,6
307,16
307,39
307,119
307,150
307,188
307,193
307,203
307,206
307,217
307,335
307,433
307,436
307,451
307,565
307,571
307,572
307,582
308,2
308,15
308,81
308,173
308,234
308,433
308,436
308,548
309,2
309,15
309,81
309,173
309,188
309,203
309,206
309,234
309,433
309,436
309,548
310,69
310,173
310,188
310,193
310,203
310,204
310,206
310,217
310,268
310,277
310,335
310,433
310,436
310,451
310,464
311,69
311,173
311,188
311,193
311,202
311,203
311,204
311,206
311,217
311,268
311,277
311,335
311,433
311,436
311,451
311,464
311,582
312,39
312,188
312,203
312,204
312,277
312,314
312,335
312,340
312,433
312,436
312,451
312,462
312,464
312,582
313,39
313,188
313,202
313,203
313,204
313,277
313,314
313,335
313,340
313,433
313,436
313,451
313,462
313,464
313,582
314,16
314,69
314,173
314,188
314,193
314,204
314,206
314,217
314,277
314,335
314,375
314,409
314,433
314,436
314,451
314,464
314,520
314,539
314,548
314,582
315,16
315,69
315,173
315,188
315,193
315,203
315,204
315,206
315,217
315,277
315,335
315,375
315,409
315,433
315,436
315,451
315,464
315,514
315,520
315,539
315,548
315,582
316,69
316,119
316,173
316,188
316,193
316,203
316,204
316,206
316,217
316,277
316,335
316,340
316,433
316,436
316,451
317,69
317,119
317,173
317,188
317,191
317,193
317,202
317,203
317,204
317,206
317,217
317,277
317,335
317,340
317,433
317,436
317,451
317,582
318,150
318,173
318,188
318,203
318,206
318,433
318,436
319,150
319,173
319,188
319,203
319,204
319,206
319,433
319,436
320,60
320,66
320,69
320,173
320,188
320,203
320,204
320,206
320,217
320,277
320,314
320,335
320,366
320,375
320,433
320,436
320,451
320,464
321,57
321,60
321,66
321,69
321,173
321,188
321,202
321,203
321,204
321,206
321,217
321,277
321,314
321,335
321,366
321,375
321,433
321,436
321,451
321,464
321,547
321,573
321,582
322,30
322,50
322,224
322,234
322,252
322,312
322,314
322,335
322,433
322,436
322,480
322,481
322,573
322,585
323,30
323,50
323,88
323,162
323,224
323,234
323,252
323,294
323,312
323,314
323,335
323,433
323,436
323,480
323,481
323,573
323,585
324,6
324,30
324,37
324,50
324,51
324,277
324,433
324,436
324,451
324,573
325,6
325,30
325,37
325,50
325,51
325,193
325,277
325,433
325,436
325,451
325,573
326,85
326,91
326,124
326,164
326,234
326,277
326,295
326,314
326,396
326,433
326,436
326,481
327,30
327,85
327,91
327,124
327,128
327,164
327,234
327,277
327,295
327,313
327,314
327,396
327,433
327,436
327,481
327,483
328,30
328,85
328,224
328,396
328,433
328,436
328,464
328,558
329,30
329,85
329,224
329,396
329,433
329,436
329,464
329,558
330,50
330,85
330,91
330,119
330,124
330,164
330,228
330,234
330,252
330,277
330,295
330,314
330,330
330,335
330,396
330,433
330,436
330,480
330,481
330,558
330,603
331,50
331,85
331,91
331,119
331,124
331,164
331,228
331,234
331,252
331,277
331,295
331,313
331,314
331,330
331,335
331,396
331,433
331,436
331,480
331,481
331,558
331,603
332,30
332,123
332,224
332,234
332,252
332,396
332,409
332,433
332,436
332,481
333,30
333,123
333,224
333,234
333,252
333,396
333,409
333,433
333,436
333,481
334,2
334,6
334,30
334,39
334,277
334,433
334,436
334,573
334,585
335,2
335,6
335,11
335,28
335,30
335,39
335,88
335,162
335,277
335,294
335,416
335,433
335,436
335,573
335,585
336,6
336,30
336,37
336,39
336,50
336,51
336,65
336,91
336,123
336,128
336,134
336,152
336,190
336,224
336,277
336,295
336,299
336,367
336,416
336,433
336,436
336,446
336,481
336,520
336,539
337,6
337,30
337,37
337,39
337,50
337,51
337,65
337,91
337,123
337,128
337,134
337,152
337,190
337,224
337,277
337,295
337,299
337,367
337,416
337,433
337,436
337,446
337,481
337,520
337,539
338,60
338,66
338,85
338,190
338,299
338,433
338,436
338,481
338,573
338,585
338,603
339,57
339,60
339,63
339,66
339,69
339,85
339,190
339,299
339,433
339,436
339,481
339,573
339,585
339,603
340,6
340,39
340,124
340,128
340,146
340,269
340,277
340,314
340,326
340,335
340,433
340,436
340,446
340,451
340,558
340,561
340,573
341,6
341,39
341,119
341,124
341,128
341,146
341,269
341,277
341,314
341,326
341,335
341,433
341,436
341,446
341,451
341,558
341,561
341,573
342,51
342,269
342,277
342,314
342,335
342,356
342,433
342,436
342,464
342,561
343,43
343,51
343,269
343,277
343,314
343,335
343,356
343,433
343,436
343,462
343,464
343,561
344,6
344,39
344,91
344,119
344,124
344,128
344,134
344,146
344,164
344,269
344,277
344,299
344,314
344,340
344,384
344,385
344,433
344,436
344,464
344,561
344,571
344,572
344,573
345,6
345,39
345,66
345,91
345,119
345,124
345,128
345,134
345,146
345,164
345,269
345,277
345,299
345,314
345,340
345,384
345,385
345,433
345,436
345,464
345,561
345,571
345,572
345,573
346,2
346,6
346,30
346,39
346,188
346,203
346,206
346,269
346,433
346,436
346,451
346,503
346,561
346,573
346,582
346,585
347,2
347,6
347,30
347,39
347,88
347,162
347,188
347,193
347,203
347,204
347,206
347,269
347,277
347,294
347,433
347,436
347,451
347,484
347,503
347,561
347,573
347,582
347,585
348,39
348,150
348,252
348,269
348,277
348,340
348,375
348,377
348,436
348,481
348,549
348,558
348,561
348,573
349,39
349,88
349,119
349,150
349,162
349,190
349,252
349,266
349,269
349,277
349,313
349,314
349,335
349,340
349,349
349,370
349,375
349,377
349,395
349,433
349,436
349,481
349,549
349,558
349,561
349,571
349,573
350,15
350,268
350,269
350,277
350,335
350,409
350,433
350,436
350,506
350,520
350,539
350,540
350,545
350,547
350,548
350,549
350,561
351,88
351,150
351,162
351,269
351,277
351,294
351,433
351,436
351,561
351,572
351,573
351,603
352,268
352,269
352,433
352,436
352,561
352,571
353,81
353,268
353,269
353,433
353,436
353,561
353,571
353,572
354,15
354,85
354,91
354,123
354,128
354,134
354,150
354,164
354,269
354,295
354,299
354,313
354,433
354,436
354,506
354,520
354,561
354,571
355,15
355,85
355,91
355,123
355,128
355,134
355,150
355,164
355,269
355,295
355,299
355,313
355,433
355,436
355,506
355,520
355,548
355,561
355,571
356,37
356,51
356,134
356,269
356,304
356,313
356,326
356,367
356,433
356,436
356,464
356,520
356,539
356,558
356,561
357,37
357,51
357,91
357,119
357,124
357,128
357,134
357,146
357,164
357,261
357,269
357,277
357,295
357,304
357,313
357,314
357,326
357,367
357,384
357,385
357,433
357,436
357,520
357,539
357,558
357,561
358,81
358,85
358,91
358,124
358,164
358,269
358,277
358,295
358,313
358,314
358,330
358,396
358,433
358,436
358,506
358,520
358,539
358,549
358,558
358,561
358,571
359,81
359,85
359,91
359,124
359,164
359,269
359,277
359,295
359,313
359,314
359,330
359,396
359,433
359,436
359,506
359,520
359,539
359,549
359,558
359,561
359,571
359,572
360,65
360,299
360,340
360,367
360,425
360,433
360,436
360,561
360,571
360,603
361,65
361,134
361,150
361,269
361,299
361,340
361,367
361,425
361,429
361,433
361,436
361,561
361,562
361,571
361,603
362,60
362,69
362,269
362,277
362,312
362,313
362,314
362,433
362,436
362,549
362,561
362,572
362,573
363,30
363,60
363,69
363,81
363,88
363,162
363,269
363,277
363,294
363,312
363,313
363,314
363,330
363,433
363,436
363,549
363,558
363,561
363,572
363,573
363,585
364,15
364,409
364,433
364,436
364,506
364,540
364,545
364,547
364,549
364,558
364,561
364,571
365,15
365,182
365,313
365,409
365,433
365,436
365,506
365,540
365,545
365,547
365,548
365,549
365,558
365,561
365,571
365,572
365,596
366,228
366,234
366,252
366,259
366,262
366,269
366,304
366,335
366,340
366,367
366,433
366,436
366,464
367,234
367,252
367,259
367,262
367,269
367,304
367,335
367,340
367,367
367,400
367,436
367,464
368,39
368,85
368,228
368,234
368,252
368,259
368,262
368,312
368,314
368,335
368,340
368,396
368,433
368,436
368,549
369,14
369,39
369,85
369,228
369,234
369,252
369,259
369,262
369,312
369,313
369,340
369,396
369,433
369,436
369,549
370,228
370,234
370,252
370,259
370,262
370,367
370,392
370,433
370,436
370,558
371,228
371,234
371,252
371,259
371,262
371,367
371,392
371,433
371,436
371,558
372,39
372,206
372,234
372,252
372,262
372,326
372,340
372,367
372,433
372,436
373,39
373,206
373,230
373,234
373,244
373,246
373,252
373,262
373,326
373,340
373,360
373,367
373,433
373,436
374,234
374,252
374,259
374,262
374,304
374,326
374,366
374,367
374,433
374,436
375,234
375,244
375,246
375,252
375,259
375,262
375,304
375,326
375,360
375,366
375,367
375,433
375,436
375,539
376,37
376,234
376,252
376,259
376,262
376,304
376,433
376,436
376,480
377,37
377,234
377,252
377,259
377,262
377,304
377,433
377,436
377,480
378,50
378,123
378,128
378,234
378,252
378,259
378,262
378,314
378,335
378,367
378,433
378,436
379,6
379,50
379,91
379,123
379,128
379,146
379,150
379,152
379,228
379,234
379,252
379,259
379,262
379,277
379,314
379,335
379,367
379,384
379,385
379,433
379,436
379,573
380,39
380,81
380,234
380,252
380,262
380,340
380,433
380,436
380,506
380,561
380,571
380,572
381,39
381,81
381,234
381,252
381,262
381,340
381,416
381,433
381,436
381,506
381,561
381,571
381,572
382,6
382,30
382,51
382,91
382,123
382,128
382,134
382,146
382,224
382,228
382,234
382,252
382,259
382,262
382,277
382,313
382,314
382,335
382,385
382,433
382,436
382,520
382,539
383,6
383,30
383,37
383,51
383,91
383,119
383,123
383,124
383,128
383,134
383,140
383,146
383,150
383,224
383,228
383,234
383,252
383,259
383,262
383,277
383,313
383,314
383,335
383,384
383,385
383,433
383,436
383,520
383,539
384,234
384,252
384,259
384,262
384,313
384,335
384,433
384,436
384,464
384,506
384,540
384,549
384,558
385,134
385,228
385,234
385,252
385,259
385,262
385,307
385,313
385,335
385,392
385,433
385,436
385,443
385,464
385,501
385,506
385,514
385,540
385,548
385,549
385,558
386,234
386,252
386,259
386,262
386,277
386,295
386,299
386,433
386,436
386,520
386,539
386,573
386,603
387,66
387,128
387,228
387,234
387,252
387,259
387,262
387,277
387,283
387,295
387,299
387,313
387,416
387,433
387,436
387,520
387,539
387,573
387,603
388,234
388,252
388,259
388,262
388,433
388,436
388,548
388,573
389,150
389,186
389,190
389,234
389,252
389,259
389,262
389,433
389,436
389,548
389,573
390,30
390,37
390,173
390,217
390,224
390,314
390,326
390,335
390,396
390,433
390,436
390,451
390,520
390,539
390,548
390,573
391,30
391,37
391,41
391,165
391,173
391,209
391,217
391,224
391,314
391,326
391,335
391,396
391,404
391,418
391,433
391,436
391,451
391,520
391,539
391,548
391,573
392,66
392,173
392,277
392,326
392,367
392,433
392,436
392,451
392,573
393,60
393,66
393,88
393,162
393,173
393,277
393,314
393,326
393,335
393,367
393,433
393,436
393,451
393,572
393,573
394,134
394,173
394,190
394,314
394,404
394,433
394,436
394,451
394,573
395,10
395,134
395,173
395,190
395,268
395,314
395,335
395,404
395,433
395,436
395,451
395,453
395,484
395,573
396,173
396,269
396,277
396,304
396,330
396,335
396,396
396,433
396,436
396,549
396,558
396,571
397,173
397,269
397,277
397,304
397,330
397,335
397,396
397,433
397,436
397,549
397,558
397,561
397,571
398,173
398,269
398,277
398,304
398,433
398,436
398,558
398,561
398,572
399,173
399,269
399,277
399,304
399,314
399,330
399,335
399,433
399,436
399,558
399,561
399,572
400,50
400,128
400,150
400,164
400,173
400,340
400,433
400,436
400,464
400,548
401,50
401,128
401,150
401,164
401,173
401,340
401,433
401,436
401,464
401,548
402,50
402,128
402,150
402,164
402,173
402,340
402,433
402,436
402,464
402,548
403,50
403,173
403,340
403,367
403,375
403,433
403,436
403,573
404,50
404,173
404,340
404,367
404,373
404,375
404,433
404,436
404,573
405,299
405,335
405,433
405,436
405,571
405,591
405,603
406,50
406,51
406,190
406,277
406,299
406,312
406,314
406,335
406,433
406,436
406,446
406,451
406,585
406,591
406,603
406,608
407,15
407,190
407,277
407,299
407,312
407,314
407,335
407,433
407,436
407,451
407,585
407,586
407,591
407,603
407,608
408,15
408,277
408,295
408,299
408,304
408,313
408,314
408,335
408,409
408,433
408,436
408,451
408,520
408,539
408,540
408,545
408,547
408,548
408,573
408,585
408,586
408,591
408,603
409,6
409,15
409,37
409,119
409,123
409,124
409,128
409,146
409,277
409,283
409,295
409,299
409,304
409,313
409,314
409,335
409,384
409,385
409,409
409,436
409,451
409,520
409,539
409,540
409,545
409,547
409,548
409,571
409,573
409,585
409,586
409,591
409,603
410,6
410,15
410,37
410,119
410,123
410,124
410,128
410,146
410,277
410,283
410,295
410,299
410,304
410,313
410,314
410,335
410,368
410,384
410,385
410,409
410,433
410,436
410,451
410,520
410,539
410,540
410,545
410,547
410,548
410,551
410,571
410,573
410,585
410,586
410,591
410,603
411,6
411,15
411,39
411,190
411,268
411,277
411,299
411,335
411,433
411,436
411,451
411,585
411,591
411,603
412,6
412,15
412,39
412,190
412,268
412,277
412,299
412,335
412,433
412,436
412,451
412,484
412,585
412,591
412,603
413,190
413,269
413,277
413,299
413,335
413,433
413,436
413,585
413,591
413,603
414,190
414,269
414,277
414,299
414,335
414,433
414,436
414,460
414,548
414,585
414,591
414,603
415,15
415,69
415,188
415,190
415,193
415,206
415,217
415,299
415,433
415,436
415,451
415,585
415,591
415,603
416,15
416,69
416,188
416,190
416,193
416,206
416,217
416,299
416,433
416,436
416,451
416,585
416,586
416,591
416,603
417,15
417,51
417,85
417,190
417,299
417,335
417,366
417,433
417,436
417,591
417,603
418,15
418,51
418,85
418,190
418,299
418,335
418,366
418,436
418,585
418,586
418,591
418,603
419,6
419,30
419,190
419,224
419,277
419,299
419,433
419,436
419,446
419,451
419,464
419,548
419,549
419,591
419,603
419,608
420,6
420,30
420,190
420,224
420,277
420,283
420,299
420,335
420,348
420,433
420,436
420,446
420,451
420,464
420,548
420,549
420,586
420,591
420,603
420,608
421,30
421,39
421,50
421,69
421,85
421,188
421,193
421,203
421,204
421,206
421,217
421,277
421,299
421,335
421,433
421,436
421,451
421,464
421,573
421,582
421,603
422,39
422,69
422,85
422,188
422,193
422,198
422,203
422,204
422,206
422,217
422,252
422,277
422,299
422,335
422,433
422,436
422,451
422,464
422,481
422,582
422,586
422,599
422,605
423,188
423,203
423,206
423,299
423,340
423,433
423,436
423,464
423,603
424,188
424,203
424,204
424,206
424,299
424,340
424,433
424,436
424,464
424,603
425,39
425,234
425,299
425,312
425,335
425,433
425,436
425,520
425,539
425,586
425,591
425,603
426,39
426,234
426,299
426,312
426,335
426,410
426,433
426,436
426,520
426,539
426,586
426,591
426,603
427,30
427,85
427,224
427,234
427,299
427,312
427,396
427,433
427,436
427,520
427,545
427,603
428,30
428,85
428,224
428,234
428,299
428,312
428,396
428,433
428,436
428,520
428,545
428,603
429,299
429,335
429,433
429,436
429,451
429,571
429,591
429,603
430,15
430,282
430,283
430,299
430,335
430,402
430,433
430,436
430,447
430,451
430,493
430,571
430,586
430,591
430,603
430,610
431,6
431,39
431,150
431,277
431,299
431,314
431,335
431,433
431,436
431,549
431,571
431,591
431,603
432,6
432,39
432,150
432,277
432,299
432,314
432,335
432,433
432,436
432,549
432,563
432,571
432,591
432,603
433,6
433,39
433,119
433,150
433,224
433,277
433,299
433,335
433,340
433,433
433,436
433,549
433,571
433,603
433,608
434,6
434,30
434,39
434,119
434,150
434,224
434,277
434,283
434,299
434,314
434,335
434,340
434,433
434,436
434,451
434,549
434,571
434,591
434,603
434,608
435,60
435,190
435,299
435,367
435,433
435,436
435,573
435,585
435,603
436,30
436,60
436,114
436,190
436,299
436,367
436,433
436,436
436,511
436,573
436,585
436,603
437,15
437,69
437,299
437,335
437,396
437,409
437,433
437,436
437,451
437,506
437,520
437,539
437,586
437,591
437,603
438,15
438,69
438,283
438,299
438,335
438,396
438,406
438,408
438,409
438,433
438,436
438,451
438,506
438,520
438,539
438,540
438,545
438,547
438,586
438,591
438,601
438,603
439,15
439,119
439,124
439,128
439,134
439,146
439,262
439,277
439,295
439,299
439,314
439,335
439,384
439,385
439,433
439,436
439,451
439,520
439,539
439,547
439,548
439,573
439,585
439,586
439,591
440,6
440,15
440,119
440,124
440,128
440,134
440,146
440,262
440,277
440,295
440,299
440,314
440,335
440,384
440,385
440,433
440,436
440,451
440,520
440,539
440,547
440,548
440,573
440,583
440,585
440,586
440,591
440,605
441,124
441,269
441,277
441,295
441,299
441,304
441,330
441,335
441,433
441,436
441,549
441,558
441,573
441,585
441,591
441,603
442,119
442,124
442,128
442,146
442,269
442,277
442,295
442,299
442,304
442,314
442,330
442,335
442,384
442,385
442,433
442,436
442,549
442,558
442,573
442,585
442,591
442,603
443,15
443,268
443,299
443,314
443,335
443,433
443,436
443,573
443,585
443,591
443,603
444,15
444,268
444,283
444,299
444,314
444,335
444,433
444,436
444,573
444,585
444,591
444,603
445,20
445,269
445,299
445,396
445,433
445,436
445,549
445,591
445,603
446,20
446,269
446,277
446,299
446,313
446,396
446,433
446,436
446,549
446,586
446,591
446,603
446,608
447,128
447,277
447,295
447,299
447,433
447,436
447,451
447,573
447,585
447,586
447,591
447,603
448,29
448,128
448,134
448,277
448,294
448,295
448,299
448,433
448,436
448,451
448,573
448,585
448,586
448,591
448,603
449,15
449,20
449,190
449,252
449,277
449,299
449,330
449,335
449,433
449,436
449,451
449,481
449,586
449,591
449,603
450,15
450,20
450,146
450,190
450,252
450,277
450,282
450,299
450,312
450,330
450,335
450,433
450,436
450,451
450,481
450,552
450,586
450,591
450,603
451,15
451,188
451,190
451,277
451,299
451,367
451,433
451,436
451,451
451,591
451,603
451,608
452,15
452,20
452,188
452,190
452,206
452,228
452,252
452,277
452,299
452,314
452,335
452,367
452,433
452,436
452,451
452,481
452,529
452,572
452,585
452,586
452,591
452,603
453,190
454,30
454,60
454,66
454,69
454,190
454,224
454,283
454,299
454,314
454,335
454,433
454,436
454,459
454,464
454,572
454,573
454,585
454,586
454,591
454,603
455,60
455,299
455,335
455,433
455,436
455,451
455,573
455,591
455,603
455,608
456,60
456,69
456,277
456,283
456,299
456,312
456,314
456,335
456,433
456,436
456,451
456,470
456,520
456,539
456,572
456,573
456,585
456,591
456,601
456,603
456,608
457,190
457,283
457,299
457,375
457,433
457,436
457,548
457,558
457,591
457,603
458,190
458,283
458,299
458,313
458,314
458,330
458,335
458,375
458,433
458,436
458,548
458,558
458,570
458,572
458,591
458,603
459,224
459,299
459,313
459,314
459,335
459,433
459,436
459,603
460,15
460,30
460,224
460,283
460,299
460,313
460,314
460,335
460,433
460,436
460,446
460,558
460,572
460,603
461,15
461,50
461,51
461,85
461,217
461,224
461,277
461,283
461,295
461,299
461,313
461,396
461,433
461,436
461,545
461,558
461,603
462,128
462,134
462,150
462,295
462,299
462,326
462,433
462,436
462,603
463,128
463,134
463,150
463,295
463,299
463,326
463,433
463,436
463,583
463,603
464,299
464,304
464,433
464,436
464,571
464,603
465,29
465,150
465,299
465,304
465,313
465,429
465,433
465,436
465,571
465,572
465,603
466,15
466,37
466,51
466,81
466,85
466,433
466,436
466,451
466,520
466,539
466,558
467,15
467,37
467,51
467,81
467,85
467,433
467,436
467,451
467,520
467,539
467,558
468,15
468,81
468,277
468,314
468,335
468,433
468,436
468,451
468,464
468,573
469,15
469,81
469,85
469,162
469,277
469,314
469,335
469,433
469,436
469,451
469,464
469,573
470,15
470,50
470,81
470,85
470,190
470,433
470,436
471,15
471,50
471,81
471,85
471,190
471,433
471,436
472,15
472,78
472,81
472,85
472,433
472,436
472,573
473,15
473,60
473,71
473,74
473,76
473,78
473,81
473,84
473,85
473,87
473,91
473,134
473,164
473,375
473,404
473,407
473,433
473,436
473,573
474,15
474,16
474,51
474,69
474,173
474,188
474,203
474,204
474,206
474,217
474,234
474,335
474,396
474,433
474,436
474,451
474,520
474,521
474,539
474,540
474,545
474,548
475,15
475,16
475,37
475,51
475,69
475,173
475,188
475,203
475,204
475,206
475,217
475,234
475,335
475,396
475,433
475,436
475,451
475,520
475,521
475,539
475,540
475,545
475,548
475,582
476,15
476,39
476,85
476,173
476,188
476,203
476,206
476,234
476,304
476,340
476,367
476,433
476,436
476,446
476,464
476,520
476,540
476,545
476,548
477,15
477,39
477,85
477,173
477,188
477,203
477,204
477,206
477,234
477,304
477,340
477,367
477,433
477,436
477,446
477,464
477,520
477,540
477,545
477,548
478,15
478,50
478,85
478,190
478,299
478,314
478,326
478,335
478,366
478,409
478,433
478,436
478,451
478,520
478,539
478,540
478,545
478,548
478,573
479,15
479,50
479,85
479,91
479,119
479,123
479,124
479,128
479,146
479,164
479,190
479,277
479,295
479,299
479,314
479,326
479,335
479,366
479,384
479,385
479,409
479,433
479,436
479,451
479,520
479,539
479,540
479,545
479,548
479,573
480,15
480,85
480,262
480,304
480,366
480,367
480,396
480,433
480,436
480,506
480,520
480,540
480,545
480,547
480,548
481,15
481,85
481,262
481,304
481,330
481,366
481,367
481,381
481,396
481,433
481,436
481,506
481,514
481,520
481,529
481,540
481,545
481,547
481,548
482,15
482,30
482,50
482,85
482,304
482,396
482,409
482,433
482,436
482,464
482,506
482,520
482,539
482,540
482,545
482,547
482,548
483,15
483,30
483,50
483,85
483,304
483,396
483,409
483,433
483,436
483,464
483,506
483,520
483,539
483,540
483,545
483,547
483,548
484,15
484,37
484,50
484,91
484,119
484,123
484,124
484,128
484,134
484,146
484,164
484,295
484,314
484,335
484,384
484,385
484,386
484,388
484,409
484,433
484,436
484,520
484,521
484,539
484,540
484,545
484,548
485,15
485,37
485,50
485,52
485,91
485,119
485,123
485,124
485,128
485,134
485,146
485,164
485,216
485,295
485,314
485,335
485,384
485,385
485,386
485,388
485,409
485,433
485,436
485,520
485,521
485,539
485,540
485,545
485,548
486,15
486,50
486,85
486,326
486,366
486,367
486,409
486,433
486,436
486,506
486,520
486,521
486,539
486,545
486,547
486,548
486,573
487,15
487,50
487,85
487,139
487,326
487,366
487,367
487,383
487,409
487,433
487,436
487,506
487,520
487,521
487,539
487,545
487,547
487,548
487,573
488,15
488,50
488,85
488,245
488,326
488,366
488,367
488,382
488,409
488,433
488,436
488,506
488,520
488,521
488,539
488,541
488,545
488,547
488,548
488,573
489,15
489,119
489,124
489,146
489,277
489,295
489,299
489,314
489,326
489,335
489,366
489,367
489,384
489,385
489,386
489,409
489,433
489,436
489,464
489,520
489,521
489,539
489,540
489,545
489,548
489,603
490,15
490,119
490,123
490,124
490,128
490,146
490,277
490,295
490,299
490,314
490,326
490,335
490,366
490,367
490,375
490,384
490,385
490,386
490,409
490,433
490,436
490,464
490,520
490,521
490,539
490,540
490,545
490,548
490,603
491,15
491,50
491,85
491,123
491,128
491,277
491,326
491,367
491,409
491,433
491,436
491,464
491,520
491,521
491,539
491,540
491,545
491,547
492,15
492,37
492,50
492,85
492,91
492,119
492,123
492,128
492,139
492,146
492,164
492,245
492,277
492,295
492,299
492,314
492,326
492,335
492,367
492,384
492,385
492,386
492,409
492,433
492,436
492,464
492,508
492,520
492,521
492,527
492,539
492,540
492,545
492,547
492,548
492,563
492,571
493,15
493,39
493,50
493,85
493,299
493,312
493,366
493,367
493,377
493,409
493,433
493,436
493,451
493,464
493,506
493,520
493,539
493,540
493,545
493,548
493,558
494,15
494,39
494,50
494,85
494,299
494,312
494,330
494,366
494,367
494,375
494,377
494,409
494,433
494,436
494,464
494,506
494,520
494,539
494,540
494,545
494,548
494,558
497,134
497,146
497,152
497,277
497,314
497,326
497,335
497,367
497,384
497,433
497,436
497,451
497,464
497,520
497,539
498,39
498,51
498,119
498,122
498,124
498,128
498,134
498,140
498,146
498,150
498,152
498,190
498,277
498,314
498,326
498,335
498,367
498,385
498,386
498,433
498,436
498,451
498,520
498,539
499,91
499,123
499,124
499,128
499,134
499,140
499,146
499,152
499,164
499,277
499,295
499,314
499,320
499,326
499,335
499,367
499,384
499,386
499,433
499,436
499,451
499,520
499,539
500,51
500,69
500,134
500,140
500,143
500,146
500,152
500,268
500,277
500,314
500,326
500,335
500,340
500,367
500,384
500,433
500,436
500,451
500,520
500,539
501,65
501,66
501,91
501,124
501,128
501,134
501,152
501,164
501,224
501,252
501,277
501,295
501,314
501,326
501,330
501,335
501,340
501,367
501,384
501,385
501,386
501,403
501,433
501,436
501,451
501,464
501,481
501,520
501,539
501,573
502,36
502,65
502,66
502,91
502,124
502,128
502,134
502,152
502,164
502,224
502,252
502,277
502,295
502,314
502,326
502,330
502,335
502,340
502,367
502,384
502,385
502,386
502,403
502,433
502,436
502,451
502,464
502,481
502,520
502,539
502,573
503,39
503,65
503,123
503,128
503,134
503,190
503,367
503,433
503,436
503,539
504,39
504,65
504,123
504,128
504,134
504,190
504,367
504,433
504,436
504,539
505,39
505,91
505,134
505,150
505,152
505,164
505,277
505,295
505,314
505,335
505,367
505,384
505,385
505,386
505,416
505,433
505,436
505,520
505,539
506,39
506,91
506,119
506,124
506,128
506,134
506,150
506,152
506,164
506,277
506,295
506,314
506,335
506,367
506,384
506,385
506,386
506,416
506,433
506,436
506,520
506,539
506,572
506,586
507,15
507,91
507,119
507,123
507,128
507,134
507,146
507,152
507,164
507,277
507,295
507,314
507,335
507,367
507,384
507,385
507,386
507,396
507,409
507,433
507,436
507,451
507,506
507,520
507,539
507,545
507,548
508,15
508,91
508,119
508,123
508,124
508,128
508,134
508,146
508,152
508,164
508,277
508,295
508,314
508,335
508,367
508,384
508,385
508,386
508,396
508,409
508,422
508,433
508,436
508,451
508,506
508,520
508,539
508,545
508,548
509,6
509,65
509,81
509,91
509,123
509,128
509,134
509,152
509,277
509,295
509,367
509,433
509,436
509,451
509,520
509,539
509,548
509,571
509,573
510,6
510,30
510,60
510,65
510,81
510,91
510,121
510,123
510,128
510,134
510,152
510,277
510,295
510,367
510,433
510,436
510,451
510,520
510,539
510,548
510,571
510,573
510,577
510,603
511,30
511,37
511,39
511,50
511,65
511,91
511,123
511,128
511,134
511,150
511,164
511,224
511,295
511,313
511,326
511,340
511,367
511,375
511,433
511,436
511,464
511,481
511,548
511,572
512,30
512,37
512,39
512,50
512,65
512,66
512,91
512,123
512,128
512,130
512,134
512,150
512,164
512,224
512,295
512,313
512,326
512,340
512,342
512,367
512,375
512,433
512,436
512,464
512,481
512,548
512,572
513,30
513,37
513,50
513,51
513,69
513,173
513,188
513,203
513,204
513,206
513,217
513,224
513,277
513,299
513,335
513,433
513,436
513,451
513,464
513,582
514,30
514,37
514,47
514,50
514,51
514,69
514,150
514,173
514,188
514,193
514,203
514,204
514,206
514,207
514,208
514,217
514,224
514,277
514,290
514,299
514,335
514,433
514,436
514,451
514,464
514,582
515,30
515,37
515,39
515,50
515,173
515,188
515,203
515,206
515,313
515,433
515,436
515,571
516,30
516,37
516,39
516,50
516,173
516,188
516,203
516,204
516,206
516,313
516,433
516,436
516,571
517,30
517,37
517,39
517,50
517,224
517,252
517,326
517,375
517,433
517,436
517,481
517,539
517,545
517,573
518,30
518,37
518,39
518,50
518,224
518,252
518,326
518,375
518,433
518,436
518,481
518,539
518,545
518,573
519,30
519,37
519,50
519,51
519,173
519,224
519,277
519,314
519,335
519,375
519,433
519,436
519,446
519,451
519,464
519,520
519,539
519,573
520,30
520,37
520,50
520,51
520,88
520,119
520,173
520,224
520,277
520,314
520,335
520,375
520,433
520,436
520,446
520,451
520,464
520,520
520,539
520,573
521,30
521,37
521,50
521,51
521,119
521,224
521,277
521,314
521,326
521,335
521,375
521,403
521,433
521,436
521,446
521,464
521,573
522,29
522,30
522,37
522,50
522,51
522,54
522,119
522,224
522,277
522,314
522,326
522,335
522,375
522,403
522,433
522,436
522,446
522,464
522,573
523,30
523,37
523,39
523,50
523,60
523,65
523,91
523,123
523,128
523,134
523,164
523,224
523,295
523,433
523,436
523,446
523,548
523,571
523,572
523,573
524,30
524,37
524,39
524,50
524,60
524,65
524,66
524,91
524,123
524,128
524,134
524,164
524,224
524,295
524,433
524,436
524,446
524,548
524,571
524,572
524,573
525,6
525,30
525,37
525,39
525,50
525,124
525,128
525,134
525,224
525,277
525,295
525,299
525,330
525,335
525,433
525,436
525,451
525,573
526,6
526,26
526,30
526,32
526,37
526,39
526,50
526,53
526,124
526,128
526,134
526,140
526,224
526,277
526,283
526,295
526,299
526,330
526,335
526,433
526,436
526,451
526,573
527,30
527,37
527,39
527,50
527,65
527,81
527,134
527,224
527,433
527,436
527,539
527,561
527,571
527,572
528,30
528,37
528,39
528,50
528,65
528,81
528,134
528,224
528,433
528,436
528,539
528,561
528,571
528,572
528,576
529,30
529,37
529,39
529,50
529,190
529,224
529,326
529,375
529,433
529,436
529,464
529,545
530,24
530,30
530,37
530,39
530,50
530,134
530,190
530,224
530,326
530,375
530,433
530,436
530,464
530,545
531,30
531,37
531,39
531,50
531,150
531,224
531,312
531,362
531,433
531,436
531,539
532,15
532,30
532,37
532,39
532,50
532,141
532,150
532,224
532,312
532,313
532,362
532,433
532,436
532,539
533,30
533,37
533,50
533,51
533,85
533,217
533,224
533,299
533,330
533,335
533,366
533,375
533,396
533,433
533,436
533,451
533,464
533,520
533,521
533,539
533,540
533,545
533,547
534,30
534,37
534,50
534,51
534,85
534,178
534,208
534,217
534,224
534,245
534,299
534,330
534,335
534,366
534,375
534,381
534,396
534,433
534,436
534,451
534,464
534,520
534,536
534,539
534,540
534,545
534,547
535,30
535,37
535,39
535,50
535,51
535,85
535,217
535,224
535,299
535,314
535,335
535,396
535,433
535,436
535,520
535,521
535,539
535,540
535,545
536,30
536,37
536,39
536,50
536,51
536,85
536,217
536,224
536,277
536,299
536,314
536,335
536,386
536,396
536,433
536,436
536,520
536,521
536,539
536,540
536,545
537,16
537,39
537,51
537,85
537,188
537,206
537,217
537,224
537,277
537,299
537,312
537,396
537,409
537,433
537,436
537,451
537,520
537,539
537,540
537,545
537,558
538,16
538,39
538,51
538,85
538,188
538,193
538,206
538,217
538,224
538,277
538,299
538,312
538,396
538,409
538,433
538,436
538,451
538,520
538,539
538,540
538,545
538,558
539,30
539,39
539,50
539,85
539,224
539,304
539,313
539,396
539,433
539,436
539,520
539,539
539,540
539,545
539,547
539,548
539,571
540,30
540,39
540,50
540,85
540,224
540,304
540,313
540,396
540,433
540,436
540,520
540,539
540,540
540,545
540,547
540,548
540,571
541,30
541,37
541,224
541,234
541,252
541,262
541,396
541,433
541,436
541,520
541,539
541,540
541,545
542,30
542,37
542,123
542,224
542,234
542,239
542,252
542,262
542,313
542,396
542,433
542,436
542,520
542,539
542,540
542,545
543,30
543,37
543,224
543,234
543,252
543,259
543,262
543,396
543,433
543,520
543,539
543,540
543,545
544,30
544,37
544,218
544,224
544,234
544,252
544,259
544,262
544,343
544,396
544,433
544,520
544,539
544,540
544,545
545,85
545,88
545,91
545,99
545,119
545,124
545,128
545,134
545,146
545,150
545,162
545,164
545,277
545,294
545,295
545,314
545,326
545,330
545,335
545,366
545,375
545,377
545,384
545,385
545,419
545,433
545,436
545,446
545,603
546,66
546,85
546,88
546,91
546,99
546,119
546,124
546,128
546,134
546,146
546,150
546,162
546,164
546,277
546,294
546,295
546,314
546,326
546,330
546,335
546,366
546,375
546,377
546,384
546,385
546,419
546,433
546,436
546,446
546,573
546,603
547,304
547,326
547,340
547,366
547,367
547,433
547,436
547,520
547,540
548,97
548,123
548,304
548,326
548,340
548,366
548,367
548,433
548,436
548,511
548,520
548,540
549,304
549,326
549,340
549,366
549,367
549,433
549,436
549,480
549,520
550,123
550,304
550,326
550,340
550,366
550,367
550,433
550,436
550,480
550,520
551,30
551,50
551,57
551,60
551,66
551,173
551,188
551,204
551,206
551,375
551,433
551,436
551,446
551,464
551,573
551,603
552,30
552,50
552,57
552,60
552,66
552,109
552,173
552,188
552,198
552,204
552,206
552,315
552,375
552,433
552,436
552,446
552,464
552,573
552,603
553,39
553,128
553,134
553,234
553,252
553,259
553,262
553,326
553,340
553,367
553,409
553,433
553,436
553,464
553,481
553,539
553,573
554,39
554,128
554,134
554,150
554,214
554,234
554,252
554,259
554,262
554,326
554,340
554,356
554,367
554,378
554,409
554,433
554,436
554,464
554,481
554,539
554,573
555,39
555,128
555,134
555,164
555,173
555,326
555,340
555,367
555,409
555,433
555,436
555,464
555,481
555,539
555,573
556,39
556,128
556,134
556,150
556,164
556,166
556,173
556,214
556,326
556,340
556,356
556,367
556,378
556,409
556,433
556,436
556,464
556,481
556,539
556,573
557,39
557,128
557,134
557,295
557,299
557,326
557,340
557,367
557,409
557,433
557,436
557,464
557,481
557,539
557,573
557,585
557,603
558,39
558,128
558,134
558,150
558,214
558,295
558,299
558,326
558,340
558,356
558,367
558,378
558,409
558,433
558,436
558,464
558,481
558,539
558,573
558,585
558,598
558,603
559,6
559,39
559,69
559,173
559,188
559,203
559,204
559,206
559,217
559,277
559,314
559,326
559,335
559,367
559,377
559,433
559,436
559,451
559,464
559,484
559,573
560,69
560,173
560,188
560,203
560,204
560,206
560,217
560,277
560,375
560,433
560,436
560,451
560,464
560,520
560,539
561,65
561,91
561,123
561,128
561,134
561,150
561,164
561,188
561,190
561,204
561,206
561,340
561,367
561,377
561,433
561,436
561,548
561,572
562,85
562,119
562,188
562,203
562,224
562,268
562,277
562,312
562,314
562,335
562,340
562,377
562,396
562,433
562,436
562,520
562,539
562,548
562,549
562,558
562,561
562,573
562,585
562,603
563,85
563,91
563,119
563,124
563,128
563,164
563,277
563,295
563,299
563,304
563,313
563,366
563,367
563,384
563,385
563,386
563,433
563,436
563,548
563,558
563,561
563,572
563,573
563,603
564,66
564,85
564,224
564,299
564,314
564,335
564,340
564,367
564,433
564,436
564,464
564,520
564,539
564,548
564,572
564,573
564,603
565,66
565,150
565,340
565,433
565,436
565,464
565,548
565,572
566,15
566,51
566,85
566,190
566,224
566,277
566,314
566,335
566,377
566,433
566,436
566,451
566,464
566,506
566,520
566,521
566,539
566,540
566,548
566,573
567,15
567,39
567,50
567,91
567,108
567,123
567,128
567,134
567,164
567,295
567,299
567,304
567,326
567,366
567,367
567,375
567,377
567,396
567,433
567,464
567,506
567,520
567,539
567,540
567,548
567,573
568,50
568,51
568,85
568,91
568,119
568,123
568,124
568,128
568,134
568,146
568,164
568,277
568,295
568,299
568,314
568,326
568,330
568,367
568,375
568,377
568,384
568,385
568,386
568,409
568,433
568,436
568,451
568,464
568,520
568,539
568,540
568,545
568,548
568,558
569,340
569,367
569,375
569,377
569,433
569,436
569,464
569,539
569,548
569,573
570,6
570,37
570,39
570,51
570,54
570,85
570,91
570,119
570,123
570,124
570,128
570,134
570,146
570,164
570,208
570,277
570,295
570,299
570,304
570,312
570,314
570,330
570,335
570,377
570,384
570,385
570,386
570,409
570,433
570,436
570,451
570,520
570,539
570,540
570,545
570,547
570,549
570,558
570,561
570,573
570,585
570,603
571,85
571,206
571,217
571,283
571,299
571,314
571,330
571,335
571,377
571,433
571,436
571,451
571,603
573,6
573,39
573,66
573,85
573,91
573,123
573,124
573,128
573,134
573,146
573,164
573,224
573,277
573,283
573,295
573,299
573,314
573,326
573,340
573,367
573,384
573,433
573,436
573,464
573,573
573,585
573,603
574,6
574,39
574,85
574,89
574,91
574,124
574,128
574,134
574,146
574,164
574,234
574,277
574,295
574,299
574,314
574,330
574,335
574,340
574,377
574,384
574,385
574,416
574,433
574,436
574,451
574,558
574,573
574,603
575,6
575,30
575,39
575,50
575,51
575,234
575,277
575,312
575,335
575,433
575,436
575,451
575,480
575,573
575,585
576,2
576,20
576,39
576,269
576,277
576,304
576,312
576,314
576,330
576,335
576,367
576,392
576,433
576,436
576,480
576,549
576,558
576,561
577,2
577,150
577,340
577,433
577,436
577,571
577,572
578,2
578,6
578,20
578,39
578,128
578,150
578,312
578,314
578,335
578,433
578,436
578,561
578,571
579,2
579,6
579,39
579,43
579,116
579,128
579,134
579,146
579,152
579,314
579,341
579,367
579,433
579,436
579,571
580,2
580,6
580,39
580,228
580,234
580,252
580,259
580,262
580,277
580,312
580,433
580,436
580,480
581,39
581,123
581,190
581,234
581,252
581,256
581,259
581,262
581,304
581,340
581,367
581,375
581,433
581,436
581,464
582,6
582,16
582,60
582,66
582,69
582,188
582,203
582,206
582,217
582,234
582,252
582,259
582,262
582,277
582,335
582,433
582,436
582,582
583,150
583,173
583,269
583,277
583,304
583,335
583,433
583,436
583,561
583,571
583,573
584,2
584,39
584,50
584,91
584,128
584,134
584,150
584,164
584,173
584,234
584,312
584,409
584,433
584,436
584,480
585,15
585,85
585,119
585,190
585,277
585,281
585,299
585,330
585,335
585,396
585,433
585,436
585,451
585,452
585,558
585,585
585,591
585,603
586,150
586,190
586,299
586,340
586,433
586,436
586,464
586,548
586,585
587,190
587,269
587,277
587,299
587,314
587,433
587,436
587,548
587,549
587,561
587,585
587,591
587,603
587,608
588,51
588,269
588,277
588,299
588,314
588,330
588,335
588,340
588,433
588,436
588,520
588,539
588,549
588,558
588,561
588,571
588,586
588,603
589,190
589,299
589,335
589,433
589,436
589,451
589,591
589,603
590,39
590,190
590,299
590,367
590,396
590,433
590,436
590,520
590,603
591,15
591,60
591,66
591,85
591,268
591,299
591,313
591,335
591,366
591,375
591,433
591,436
591,548
591,549
591,572
591,573
591,585
591,591
591,603
592,15
592,119
592,128
592,146
592,190
592,204
592,252
592,277
592,283
592,295
592,299
592,314
592,335
592,384
592,385
592,409
592,433
592,436
592,451
592,481
592,603
593,15
593,39
593,299
593,312
593,433
593,436
593,520
593,571
593,603
594,78
594,81
594,85
594,91
594,252
594,277
594,326
594,367
594,377
594,433
594,436
594,446
594,451
594,464
594,481
594,558
594,573
595,15
595,39
595,78
595,85
595,188
595,203
595,206
595,326
595,367
595,377
595,433
595,436
595,573
596,15
596,78
596,81
596,85
596,91
596,326
596,367
596,377
596,409
596,433
596,436
596,446
596,573
597,37
597,78
597,81
597,85
597,190
597,224
597,269
597,340
597,396
597,433
597,436
597,464
597,561
597,585
597,603
598,15
598,30
598,50
598,51
598,78
598,85
598,217
598,224
598,277
598,396
598,433
598,436
598,451
598,464
598,545
599,15
599,37
599,51
599,85
599,208
599,277
599,314
599,335
599,375
599,409
599,433
599,436
599,451
599,464
599,506
599,508
599,520
599,527
599,539
599,540
599,545
599,548
599,573
600,15
600,30
600,85
600,173
600,188
600,203
600,204
600,206
600,299
600,433
600,436
600,506
600,520
600,521
600,540
600,545
600,548
601,30
601,37
601,39
601,50
601,51
601,81
601,91
601,119
601,124
601,128
601,146
601,277
601,295
601,299
601,314
601,335
601,377
601,384
601,385
601,396
601,433
601,436
601,446
601,549
601,561
601,571
601,572
602,6
602,30
602,69
602,119
602,188
602,193
602,203
602,204
602,206
602,217
602,277
602,299
602,335
602,433
602,436
602,451
602,561
602,571
602,572
603,6
603,30
603,37
603,39
603,50
603,51
603,85
603,119
603,150
603,190
603,224
603,277
603,299
603,314
603,433
603,436
603,451
603,520
603,539
603,548
603,573
603,603
604,6
604,15
604,30
604,37
604,39
604,50
604,51
604,85
604,91
604,119
604,124
604,128
604,134
604,146
604,164
604,217
604,224
604,277
604,295
604,299
604,314
604,335
604,384
604,385
604,386
604,396
604,433
604,436
604,506
604,520
604,539
604,545
604,547
604,548
604,603
605,16
605,30
605,37
605,50
605,51
605,85
605,217
605,224
605,299
605,396
605,433
605,436
605,464
605,545
605,547
605,603
606,30
606,50
606,57
606,60
606,66
606,85
606,91
606,150
606,164
606,173
606,433
606,436
606,481
606,561
606,572
606,573
606,585
607,81
607,269
607,304
607,326
607,433
607,436
607,506
607,520
607,540
607,547
607,561
607,571
608,37
608,52
608,54
608,81
608,326
608,377
608,379
608,409
608,433
608,436
608,520
608,521
608,571
609,15
609,78
609,81
609,85
609,91
609,119
609,124
609,146
609,277
609,314
609,330
609,335
609,367
609,377
609,384
609,385
609,386
609,433
609,436
609,451
609,464
609,558
609,573
610,15
610,78
610,81
610,85
610,91
610,119
610,124
610,146
610,277
610,314
610,330
610,335
610,367
610,377
610,384
610,385
610,386
610,433
610,436
610,451
610,464
610,558
610,573
611,2
611,15
611,20
611,85
611,91
611,119
611,124
611,128
611,146
611,188
611,203
611,206
611,217
611,234
611,277
611,295
611,314
611,326
611,367
611,384
611,385
611,386
611,433
611,436
611,451
611,545
611,548
611,603
612,2
612,15
612,20
612,85
612,91
612,119
612,124
612,128
612,146
612,188
612,203
612,206
612,217
612,234
612,277
612,295
612,314
612,367
612,384
612,385
612,386
612,433
612,436
612,451
612,548
612,603
613,15
613,109
613,146
613,269
613,299
613,314
613,330
613,335
613,367
613,396
613,409
613,433
613,436
613,451
613,506
613,520
613,521
613,539
613,540
613,548
613,549
613,558
613,561
613,571
613,572
614,15
614,146
614,173
614,269
614,314
614,330
614,335
614,367
614,396
614,409
614,436
614,451
614,506
614,520
614,539
614,540
614,547
614,548
614,549
614,558
614,561
614,571
614,572
615,39
615,91
615,128
615,134
615,150
615,164
615,295
615,312
615,313
615,367
615,396
615,433
615,436
615,548
616,39
616,65
616,91
616,128
616,134
616,150
616,164
616,295
616,313
616,367
616,396
616,433
616,436
616,548
619,277
619,314
619,326
619,335
619,366
619,367
619,375
619,377
619,433
619,436
619,451
619,573
620,15
620,277
620,299
620,314
620,326
620,335
620,366
620,367
620,375
620,377
620,433
620,436
620,451
620,573
620,585
620,586
620,591
620,603
621,15
621,81
621,85
621,277
621,314
621,326
621,335
621,366
621,367
621,375
621,377
621,433
621,436
621,451
621,573
622,150
622,173
622,277
622,314
622,326
622,335
622,366
622,367
622,375
622,377
622,378
622,433
622,436
622,451
622,573
623,15
623,277
623,314
623,326
623,335
623,366
623,367
623,375
623,377
623,433
623,436
623,451
623,520
623,521
623,539
623,540
623,545
623,548
623,573
624,30
624,37
624,50
624,51
624,224
624,277
624,314
624,326
624,335
624,366
624,367
624,375
624,377
624,433
624,436
624,451
624,539
624,547
624,573
625,6
625,39
625,228
625,234
625,252
625,259
625,262
625,277
625,326
625,366
625,367
625,375
625,377
625,433
625,436
625,451
625,573
626,15
626,277
626,283
626,299
626,326
626,366
626,367
626,375
626,377
626,433
626,436
626,451
626,573
626,585
626,603
627,102
627,318
627,326
627,366
627,367
627,375
627,377
627,433
627,436
627,520
627,540
627,573
628,39
628,269
628,299
628,312
628,314
628,335
628,433
628,436
628,549
628,558
628,561
628,571
628,591
628,603
629,39
629,146
629,269
629,277
629,299
629,312
629,314
629,335
629,433
629,436
629,549
629,558
629,561
629,571
629,591
629,603
630,39
630,234
630,269
630,299
630,314
630,335
630,433
630,436
630,549
630,558
630,561
630,571
630,586
630,603
631,6
631,39
631,134
631,146
631,150
631,226
631,234
631,269
631,277
631,299
631,314
631,335
631,348
631,384
631,433
631,436
631,549
631,558
631,561
631,571
631,585
631,586
631,591
631,603
632,20
632,228
632,234
632,252
632,259
632,262
632,269
632,277
632,312
632,314
632,335
632,396
632,403
632,433
632,436
632,480
632,549
632,561
633,20
633,228
633,234
633,252
633,259
633,262
633,269
633,277
633,312
633,313
633,314
633,335
633,396
633,403
633,433
633,436
633,480
633,549
633,561
634,2
634,6
634,20
634,39
634,269
634,277
634,314
634,335
634,433
634,436
634,549
634,561
634,571
634,603
635,2
635,6
635,20
635,39
635,134
635,146
635,150
635,269
635,277
635,313
635,314
635,335
635,433
635,436
635,549
635,561
635,571
635,573
635,585
635,603
636,60
636,85
636,91
636,150
636,164
636,224
636,269
636,277
636,340
636,416
636,433
636,436
636,464
636,548
636,549
636,561
636,572
636,573
637,60
637,66
637,85
637,91
637,128
637,150
637,164
637,224
637,269
637,277
637,283
637,340
637,396
637,433
637,436
637,464
637,548
637,549
637,561
637,572
637,573
638,81
638,85
638,269
638,277
638,433
638,436
638,549
638,561
638,571
638,572
638,573
639,66
639,81
639,85
639,269
639,277
639,283
639,313
639,433
639,436
639,520
639,539
639,549
639,561
639,571
639,572
639,573
640,39
640,269
640,299
640,313
640,433
640,436
640,548
640,561
640,571
640,573
640,585
640,603
641,39
641,134
641,150
641,269
641,299
641,313
641,433
641,436
641,548
641,561
641,571
641,572
641,573
641,585
641,603
642,39
642,60
642,173
642,188
642,190
642,203
642,206
642,269
642,340
642,433
642,436
642,464
642,548
642,561
642,571
642,573
642,585
643,39
643,60
643,66
643,173
643,188
643,190
643,203
643,204
643,206
643,269
643,340
643,433
643,436
643,464
643,548
643,561
643,571
643,573
643,585
644,57
644,60
644,66
644,150
644,269
644,313
644,375
644,433
644,436
644,548
644,561
644,571
644,572
644,573
645,57
645,60
645,66
645,150
645,269
645,313
645,375
645,433
645,436
645,548
645,550
645,561
645,571
645,572
645,573
646,66
646,81
646,269
646,299
646,375
646,433
646,436
646,548
646,561
646,571
646,572
646,573
646,585
646,603
647,66
647,81
647,269
647,299
647,375
647,433
647,436
647,548
647,561
647,571
647,572
647,573
647,585
647,603
648,60
648,69
648,88
648,162
648,173
648,188
648,203
648,204
648,206
648,217
648,269
648,294
648,335
648,433
648,436
648,447
648,451
648,549
648,561
648,572
648,573
648,585
649,57
649,60
649,66
649,69
649,85
649,299
649,312
649,314
649,335
649,433
649,436
649,451
649,573
649,585
649,603
650,57
650,60
650,66
650,69
650,85
650,299
650,314
650,335
650,433
650,436
650,451
650,573
650,585
650,603
651,6
651,57
651,60
651,66
651,69
651,85
651,91
651,124
651,128
651,150
651,164
651,173
651,188
651,203
651,206
651,217
651,277
651,295
651,299
651,312
651,314
651,335
651,433
651,436
651,451
651,572
651,573
651,582
651,585
651,591
651,603
652,30
652,66
652,150
652,224
652,269
652,277
652,314
652,335
652,433
652,436
652,464
652,549
652,561
652,571
652,572
652,573
653,30
653,66
653,150
653,224
653,269
653,277
653,314
653,335
653,433
653,436
653,464
653,549
653,561
653,571
653,572
653,573
654,6
654,30
654,37
654,60
654,66
654,85
654,88
654,91
654,119
654,124
654,128
654,134
654,146
654,150
654,162
654,164
654,224
654,269
654,277
654,283
654,294
654,295
654,313
654,314
654,335
654,384
654,385
654,433
654,436
654,464
654,549
654,561
654,571
654,572
654,573
654,585
654,603
655,6
655,57
655,60
655,66
655,69
655,277
655,314
655,375
655,433
655,436
655,548
656,6
656,57
656,60
656,66
656,69
656,277
656,314
656,330
656,375
656,433
656,436
656,548
656,558
656,571
657,6
657,57
657,60
657,63
657,66
657,69
657,88
657,162
657,173
657,188
657,193
657,203
657,206
657,217
657,277
657,314
657,330
657,375
657,433
657,436
657,451
657,548
657,558
657,573
657,582
657,585
658,548
658,571
658,572
659,6
659,15
659,81
659,91
659,124
659,277
659,295
659,299
659,314
659,330
659,335
659,433
659,436
659,451
659,506
659,545
659,548
659,558
659,561
659,571
659,572
660,6
660,15
660,81
660,91
660,124
660,277
660,295
660,299
660,313
660,314
660,330
660,335
660,433
660,436
660,451
660,506
660,545
660,548
660,558
660,561
660,571
660,572
661,6
661,57
661,60
661,66
661,69
661,269
661,277
661,433
661,436
661,451
661,561
661,572
661,573
662,6
662,57
662,60
662,65
662,66
662,69
662,269
662,277
662,416
662,433
662,436
662,451
662,561
662,572
662,573
663,6
663,57
663,60
663,65
663,66
663,69
663,162
663,269
663,277
663,416
663,433
663,436
663,451
663,561
663,572
663,573
663,585
664,30
664,57
664,60
664,66
664,85
664,150
664,224
664,269
664,375
664,433
664,436
664,464
664,548
664,585
665,30
665,57
665,60
665,66
665,85
665,150
665,224
665,269
665,333
665,375
665,433
665,436
665,464
665,548
665,585
666,15
666,30
666,57
666,60
666,66
666,85
666,150
666,173
666,188
666,203
666,206
666,269
666,375
666,433
666,436
666,462
666,464
666,548
666,573
666,585
667,57
667,60
667,66
667,85
667,433
667,436
667,573
667,603
668,57
668,60
668,66
668,85
668,433
668,436
668,573
668,603
669,57
669,60
669,66
669,85
669,91
669,128
669,150
669,164
669,348
669,433
669,436
669,573
669,585
669,603
671,15
671,37
671,50
671,85
671,91
671,119
671,123
671,124
671,128
671,134
671,146
671,164
671,277
671,295
671,299
671,314
671,335
671,385
671,386
671,388
671,409
671,433
671,436
671,451
671,506
671,520
671,521
671,539
671,540
671,545
671,547
671,548
671,573
671,585
671,603
672,2
672,15
672,30
672,78
672,81
672,85
672,234
672,377
672,409
672,433
672,436
672,481
672,506
672,520
672,548
672,571
672,572
672,577
673,2
673,30
673,60
673,173
673,269
673,277
673,433
673,436
673,464
673,549
673,561
673,571
673,572
674,15
674,69
674,188
674,203
674,204
674,206
674,217
674,277
674,299
674,335
674,433
674,436
674,451
674,549
674,603
675,15
675,69
675,173
675,188
675,203
675,204
675,206
675,217
675,277
675,335
675,433
675,436
675,451
675,549
676,69
676,173
676,188
676,203
676,204
676,206
676,217
676,277
676,335
676,433
676,436
676,451
676,549
677,15
677,81
677,96
677,114
677,277
677,314
677,335
677,344
677,433
677,436
677,451
677,466
677,572
677,573
678,170
678,173
678,277
678,314
678,327
678,335
678,344
678,372
678,433
678,436
678,451
678,572
678,573
679,15
679,189
679,206
679,217
679,277
679,299
679,302
679,314
679,335
679,344
679,433
679,436
679,451
679,572
679,573
679,584
679,591
679,603
680,85
680,91
680,119
680,123
680,124
680,128
680,146
680,150
680,164
680,269
680,277
680,295
680,313
680,314
680,330
680,335
680,384
680,385
680,433
680,436
680,506
680,549
680,558
680,561
680,571
680,572
681,15
681,85
681,91
681,119
681,124
681,128
681,146
681,150
681,164
681,269
681,277
681,295
681,299
681,313
681,314
681,330
681,335
681,384
681,385
681,433
681,436
681,506
681,549
681,558
681,572
682,39
682,85
682,91
682,119
682,123
682,124
682,128
682,146
682,150
682,164
682,269
682,277
682,295
682,299
682,313
682,314
682,330
682,335
682,384
682,385
682,433
682,436
682,506
682,548
682,549
682,558
682,572
683,81
683,150
683,190
683,313
683,367
683,433
683,436
683,548
683,561
683,571
683,572
684,150
684,269
684,313
684,367
684,433
684,436
684,548
684,561
684,572
685,150
685,190
685,234
685,252
685,259
685,262
685,313
685,367
685,433
685,436
685,548
686,150
686,190
686,299
686,326
686,340
686,367
686,377
686,433
686,436
686,585
686,603
687,15
687,37
687,39
687,85
687,91
687,164
687,234
687,277
687,295
687,366
687,367
687,409
687,433
687,436
687,520
687,521
687,539
687,540
687,545
687,547
687,548
687,561
687,573
687,603
688,15
688,39
688,85
688,91
688,164
688,277
688,295
688,366
688,367
688,409
688,433
688,436
688,520
688,521
688,539
688,540
688,545
688,547
688,548
688,573
688,603
689,15
689,39
689,85
689,91
689,164
689,277
689,295
689,366
689,367
689,377
689,409
689,433
689,436
689,464
689,520
689,521
689,539
689,540
689,545
689,547
689,548
689,561
689,573
689,603
690,30
690,37
690,39
690,150
690,173
690,206
690,299
690,433
690,436
690,464
690,539
690,573
691,30
691,37
691,39
691,78
691,85
691,91
691,150
691,433
691,436
691,464
691,539
691,573
692,39
692,66
692,150
692,269
692,313
692,433
692,436
692,506
692,539
692,561
692,573
693,15
693,60
693,69
693,188
693,203
693,204
693,206
693,217
693,234
693,269
693,277
693,299
693,314
693,335
693,375
693,433
693,436
693,451
693,540
693,545
693,547
693,548
693,549
693,572
693,573
693,585
693,591
693,603
694,15
694,69
694,85
694,173
694,188
694,203
694,204
694,206
694,217
694,234
694,269
694,277
694,335
694,375
694,433
694,436
694,451
694,548
694,549
694,572
695,6
695,51
695,57
695,60
695,66
695,69
695,85
695,188
695,203
695,206
695,277
695,299
695,314
695,326
695,335
695,367
695,377
695,433
695,436
695,451
695,520
695,521
695,539
695,545
695,548
695,591
695,603
696,6
696,51
696,57
696,60
696,66
696,69
696,85
696,188
696,203
696,206
696,277
696,299
696,314
696,335
696,367
696,377
696,433
696,436
696,451
696,520
696,539
696,545
696,547
696,548
696,591
696,603
697,15
697,39
697,190
697,277
697,299
697,326
697,366
697,367
697,377
697,433
697,436
697,451
697,464
697,549
697,591
697,603
698,15
698,39
698,190
698,277
698,299
698,326
698,366
698,367
698,377
698,433
698,436
698,451
698,464
698,540
698,549
698,591
699,15
699,85
699,234
699,252
699,259
699,262
699,269
699,277
699,330
699,335
699,366
699,367
699,377
699,386
699,388
699,433
699,436
699,451
699,464
699,520
699,521
699,539
699,540
699,545
699,547
699,548
699,549
699,561
699,603
700,15
700,85
700,91
700,123
700,124
700,164
700,277
700,295
700,299
700,314
700,330
700,367
700,377
700,386
700,388
700,409
700,433
700,436
700,451
700,464
700,506
700,520
700,521
700,539
700,540
700,545
700,548
700,549
700,561
700,571
700,572
700,603
701,15
701,85
701,91
701,164
701,173
701,181
701,190
701,367
701,377
701,433
701,436
701,464
701,520
701,539
701,540
701,545
701,548
702,206
702,234
702,252
702,259
702,262
702,269
702,277
702,326
702,340
702,377
702,433
702,436
702,451
702,548
703,206
703,234
703,252
703,259
703,262
703,269
703,277
703,326
703,340
703,377
703,433
703,436
703,451
703,548
704,15
704,39
704,50
704,65
704,85
704,91
704,123
704,128
704,134
704,164
704,295
704,326
704,366
704,367
704,375
704,377
704,409
704,412
704,433
704,436
704,464
704,506
704,520
704,521
704,539
704,540
704,545
704,547
704,548
705,81
705,269
705,304
705,326
705,340
705,366
705,367
705,377
705,436
705,506
705,540
705,547
705,561
705,571
706,15
706,39
706,50
706,85
706,91
706,119
706,123
706,124
706,128
706,134
706,146
706,164
706,277
706,295
706,299
706,312
706,314
706,335
706,384
706,385
706,388
706,409
706,433
706,436
706,451
706,506
706,520
706,539
706,540
706,545
706,547
706,548
706,561
706,603
707,30
707,37
707,39
707,50
707,51
707,85
707,123
707,217
707,224
707,277
707,299
707,377
707,433
707,436
707,451
707,545
707,547
708,6
708,15
708,277
708,299
708,367
708,409
708,436
708,451
708,506
708,520
708,521
708,539
708,540
708,545
708,548
709,15
709,85
709,277
709,299
709,313
709,330
709,433
709,436
709,451
709,464
709,549
709,572
709,585
709,591
709,603
710,6
710,60
710,85
710,91
710,119
710,124
710,146
710,164
710,269
710,277
710,313
710,314
710,330
710,335
710,384
710,385
710,433
710,436
710,451
710,464
710,549
710,558
710,561
710,572
710,573
711,6
711,57
711,60
711,66
711,69
711,85
711,206
711,269
711,277
711,299
711,312
711,314
711,335
711,375
711,436
711,451
711,464
711,549
711,572
711,573
711,585
711,591
711,603
712,57
712,60
712,66
712,173
712,188
712,203
712,206
712,269
712,375
712,433
712,436
712,548
713,15
713,57
713,60
713,66
713,81
713,85
713,91
713,188
713,203
713,206
713,269
713,375
713,433
713,436
713,548
714,15
714,57
714,60
714,66
714,188
714,203
714,269
714,299
714,340
714,375
714,433
714,436
714,548
714,572
715,66
715,313
715,340
715,375
715,433
715,436
715,506
715,547
715,548
716,30
716,37
716,39
716,173
716,188
716,204
716,206
716,313
716,375
716,433
716,436
716,548
717,57
717,60
717,66
717,85
717,150
717,224
717,269
717,312
717,313
717,375
717,396
717,433
717,436
717,548
717,573
718,6
718,57
718,60
718,66
718,69
718,81
718,85
718,269
718,277
718,375
718,433
718,436
718,451
718,506
718,549
718,561
718,571
718,572
718,573
719,6
719,57
719,60
719,66
719,69
719,85
719,269
719,277
719,375
719,433
719,436
719,451
719,506
719,549
719,585
719,591
719,603
720,6
720,30
720,57
720,60
720,66
720,69
720,85
720,188
720,206
720,217
720,224
720,269
720,277
720,299
720,375
720,433
720,436
720,451
720,506
720,520
720,539
720,549
720,572
720,573
720,585
722,150
722,269
722,277
722,433
722,436
722,561
722,573
722,603
